Simulation_num.,Scenario_ID.string,Simulation_ID.string,Model_mode.string,Scenario_start.real,Scenario_end.real,Step_length.real,Parallel_TPC.string,Pop_scenario.string,Econ_scenario.string,Climate_scenario.string,Spatial_interventions.string,EI_interventions.string,Deterministic_trans.string,Completed.string,EI_ID.string
1,BAU,1,Simulation,2020,2025,5,N,Ref,Ref_Central,RCP45,Y,Y,Y,N,1
2,BAU,2,Simulation,2020,2060,5,N,Ref,Ref_Central,RCP45,Y,Y,Y,N,2
3,BAU,3,Simulation,2020,2060,5,N,Ref,Ref_Central,RCP45,Y,Y,Y,N,3
4,BAU,4,Simulation,2020,2060,5,N,Ref,Ref_Central,RCP45,Y,Y,Y,N,4
5,BAU,5,Simulation,2020,2060,5,N,Ref,Ref_Central,RCP45,Y,Y,Y,N,5
6,BAU,6,Simulation,2020,2060,5,N,Ref,Ref_Central,RCP45,Y,Y,Y,N,6
7,BAU,7,Simulation,2020,2060,5,N,Ref,Ref_Central,RCP45,Y,Y,Y,N,7
8,BAU,8,Simulation,2020,2060,5,N,Ref,Ref_Central,RCP45,Y,Y,Y,N,8
9,BAU,9,Simulation,2020,2060,5,N,Ref,Ref_Central,RCP45,Y,Y,Y,N,9
10,BAU,10,Simulation,2020,2060,5,N,Ref,Ref_Central,RCP45,Y,Y,Y,N,10
11,BAU,11,Simulation,2020,2060,5,N,Ref,Ref_Central,RCP45,Y,Y,Y,N,11
12,BAU,12,Simulation,2020,2060,5,N,Ref,Ref_Central,RCP45,Y,Y,Y,N,12
13,BAU,13,Simulation,2020,2060,5,N,Ref,Ref_Central,RCP45,Y,Y,Y,N,13
14,BAU,14,Simulation,2020,2060,5,N,Ref,Ref_Central,RCP45,Y,Y,Y,N,14
15,BAU,15,Simulation,2020,2060,5,N,Ref,Ref_Central,RCP45,Y,Y,Y,N,15
16,BAU,16,Simulation,2020,2060,5,N,Ref,Ref_Central,RCP45,Y,Y,Y,N,16
17,BAU,17,Simulation,2020,2060,5,N,Ref,Ref_Central,RCP45,Y,Y,Y,N,17
18,BAU,18,Simulation,2020,2060,5,N,Ref,Ref_Central,RCP45,Y,Y,Y,N,18
19,BAU,19,Simulation,2020,2060,5,N,Ref,Ref_Central,RCP45,Y,Y,Y,N,19
20,BAU,20,Simulation,2020,2060,5,N,Ref,Ref_Central,RCP45,Y,Y,Y,N,20
21,BAU,21,Simulation,2020,2060,5,N,Ref,Ref_Central,RCP45,Y,Y,Y,N,21
22,BAU,22,Simulation,2020,2060,5,N,Ref,Ref_Central,RCP45,Y,Y,Y,N,22
23,BAU,23,Simulation,2020,2060,5,N,Ref,Ref_Central,RCP45,Y,Y,Y,N,23
24,BAU,24,Simulation,2020,2060,5,N,Ref,Ref_Central,RCP45,Y,Y,Y,N,24
25,BAU,25,Simulation,2020,2060,5,N,Ref,Ref_Central,RCP45,Y,Y,Y,N,25
26,BAU,26,Simulation,2020,2060,5,N,Ref,Ref_Central,RCP45,Y,Y,Y,N,26
27,BAU,27,Simulation,2020,2060,5,N,Ref,Ref_Central,RCP45,Y,Y,Y,N,27
28,BAU,28,Simulation,2020,2060,5,N,Ref,Ref_Central,RCP45,Y,Y,Y,N,28
29,BAU,29,Simulation,2020,2060,5,N,Ref,Ref_Central,RCP45,Y,Y,Y,N,29
30,BAU,30,Simulation,2020,2060,5,N,Ref,Ref_Central,RCP45,Y,Y,Y,N,30
31,BAU,31,Simulation,2020,2060,5,N,Ref,Ref_Central,RCP45,Y,Y,Y,N,31
32,BAU,32,Simulation,2020,2060,5,N,Ref,Ref_Central,RCP45,Y,Y,Y,N,32
33,BAU,33,Simulation,2020,2060,5,N,Ref,Ref_Central,RCP45,Y,Y,Y,N,33
34,BAU,34,Simulation,2020,2060,5,N,Ref,Ref_Central,RCP45,Y,Y,Y,N,34
35,BAU,35,Simulation,2020,2060,5,N,Ref,Ref_Central,RCP45,Y,Y,Y,N,35
36,BAU,36,Simulation,2020,2060,5,N,Ref,Ref_Central,RCP45,Y,Y,Y,N,36
37,BAU,37,Simulation,2020,2060,5,N,Ref,Ref_Central,RCP45,Y,Y,Y,N,37
38,BAU,38,Simulation,2020,2060,5,N,Ref,Ref_Central,RCP45,Y,Y,Y,N,38
39,BAU,39,Simulation,2020,2060,5,N,Ref,Ref_Central,RCP45,Y,Y,Y,N,39
40,BAU,40,Simulation,2020,2060,5,N,Ref,Ref_Central,RCP45,Y,Y,Y,N,40
41,BAU,41,Simulation,2020,2060,5,N,Ref,Ref_Central,RCP45,Y,Y,Y,N,41
42,BAU,42,Simulation,2020,2060,5,N,Ref,Ref_Central,RCP45,Y,Y,Y,N,42
43,BAU,43,Simulation,2020,2060,5,N,Ref,Ref_Central,RCP45,Y,Y,Y,N,43
44,BAU,44,Simulation,2020,2060,5,N,Ref,Ref_Central,RCP45,Y,Y,Y,N,44
45,BAU,45,Simulation,2020,2060,5,N,Ref,Ref_Central,RCP45,Y,Y,Y,N,45
46,BAU,46,Simulation,2020,2060,5,N,Ref,Ref_Central,RCP45,Y,Y,Y,N,46
47,BAU,47,Simulation,2020,2060,5,N,Ref,Ref_Central,RCP45,Y,Y,Y,N,47
48,BAU,48,Simulation,2020,2060,5,N,Ref,Ref_Central,RCP45,Y,Y,Y,N,48
49,BAU,49,Simulation,2020,2060,5,N,Ref,Ref_Central,RCP45,Y,Y,Y,N,49
50,BAU,50,Simulation,2020,2060,5,N,Ref,Ref_Central,RCP45,Y,Y,Y,N,50
51,BAU,51,Simulation,2020,2060,5,N,Ref,Ref_Central,RCP45,Y,Y,Y,N,51
52,BAU,52,Simulation,2020,2060,5,N,Ref,Ref_Central,RCP45,Y,Y,Y,N,52
53,BAU,53,Simulation,2020,2060,5,N,Ref,Ref_Central,RCP45,Y,Y,Y,N,53
54,BAU,54,Simulation,2020,2060,5,N,Ref,Ref_Central,RCP45,Y,Y,Y,N,54
55,BAU,55,Simulation,2020,2060,5,N,Ref,Ref_Central,RCP45,Y,Y,Y,N,55
56,BAU,56,Simulation,2020,2060,5,N,Ref,Ref_Central,RCP45,Y,Y,Y,N,56
57,BAU,57,Simulation,2020,2060,5,N,Ref,Ref_Central,RCP45,Y,Y,Y,N,57
58,BAU,58,Simulation,2020,2060,5,N,Ref,Ref_Central,RCP45,Y,Y,Y,N,58
59,BAU,59,Simulation,2020,2060,5,N,Ref,Ref_Central,RCP45,Y,Y,Y,N,59
60,BAU,60,Simulation,2020,2060,5,N,Ref,Ref_Central,RCP45,Y,Y,Y,N,60
61,BAU,61,Simulation,2020,2060,5,N,Ref,Ref_Central,RCP45,Y,Y,Y,N,61
62,BAU,62,Simulation,2020,2060,5,N,Ref,Ref_Central,RCP45,Y,Y,Y,N,62
63,BAU,63,Simulation,2020,2060,5,N,Ref,Ref_Central,RCP45,Y,Y,Y,N,63
64,BAU,64,Simulation,2020,2060,5,N,Ref,Ref_Central,RCP45,Y,Y,Y,N,64
65,BAU,65,Simulation,2020,2060,5,N,Ref,Ref_Central,RCP45,Y,Y,Y,N,65
66,BAU,66,Simulation,2020,2060,5,N,Ref,Ref_Central,RCP45,Y,Y,Y,N,66
67,BAU,67,Simulation,2020,2060,5,N,Ref,Ref_Central,RCP45,Y,Y,Y,N,67
68,BAU,68,Simulation,2020,2060,5,N,Ref,Ref_Central,RCP45,Y,Y,Y,N,68
69,BAU,69,Simulation,2020,2060,5,N,Ref,Ref_Central,RCP45,Y,Y,Y,N,69
70,BAU,70,Simulation,2020,2060,5,N,Ref,Ref_Central,RCP45,Y,Y,Y,N,70
71,BAU,71,Simulation,2020,2060,5,N,Ref,Ref_Central,RCP45,Y,Y,Y,N,71
72,BAU,72,Simulation,2020,2060,5,N,Ref,Ref_Central,RCP45,Y,Y,Y,N,72
73,BAU,73,Simulation,2020,2060,5,N,Ref,Ref_Central,RCP45,Y,Y,Y,N,73
74,BAU,74,Simulation,2020,2060,5,N,Ref,Ref_Central,RCP45,Y,Y,Y,N,74
75,BAU,75,Simulation,2020,2060,5,N,Ref,Ref_Central,RCP45,Y,Y,Y,N,75
76,BAU,76,Simulation,2020,2060,5,N,Ref,Ref_Central,RCP45,Y,Y,Y,N,76
77,BAU,77,Simulation,2020,2060,5,N,Ref,Ref_Central,RCP45,Y,Y,Y,N,77
78,BAU,78,Simulation,2020,2060,5,N,Ref,Ref_Central,RCP45,Y,Y,Y,N,78
79,BAU,79,Simulation,2020,2060,5,N,Ref,Ref_Central,RCP45,Y,Y,Y,N,79
80,BAU,80,Simulation,2020,2060,5,N,Ref,Ref_Central,RCP45,Y,Y,Y,N,80
81,BAU,81,Simulation,2020,2060,5,N,Ref,Ref_Central,RCP45,Y,Y,Y,N,81
82,BAU,82,Simulation,2020,2060,5,N,Ref,Ref_Central,RCP45,Y,Y,Y,N,82
83,BAU,83,Simulation,2020,2060,5,N,Ref,Ref_Central,RCP45,Y,Y,Y,N,83
84,BAU,84,Simulation,2020,2060,5,N,Ref,Ref_Central,RCP45,Y,Y,Y,N,84
85,BAU,85,Simulation,2020,2060,5,N,Ref,Ref_Central,RCP45,Y,Y,Y,N,85
86,BAU,86,Simulation,2020,2060,5,N,Ref,Ref_Central,RCP45,Y,Y,Y,N,86
87,BAU,87,Simulation,2020,2060,5,N,Ref,Ref_Central,RCP45,Y,Y,Y,N,87
88,BAU,88,Simulation,2020,2060,5,N,Ref,Ref_Central,RCP45,Y,Y,Y,N,88
89,BAU,89,Simulation,2020,2060,5,N,Ref,Ref_Central,RCP45,Y,Y,Y,N,89
90,BAU,90,Simulation,2020,2060,5,N,Ref,Ref_Central,RCP45,Y,Y,Y,N,90
91,BAU,91,Simulation,2020,2060,5,N,Ref,Ref_Central,RCP45,Y,Y,Y,N,91
92,BAU,92,Simulation,2020,2060,5,N,Ref,Ref_Central,RCP45,Y,Y,Y,N,92
93,BAU,93,Simulation,2020,2060,5,N,Ref,Ref_Central,RCP45,Y,Y,Y,N,93
94,BAU,94,Simulation,2020,2060,5,N,Ref,Ref_Central,RCP45,Y,Y,Y,N,94
95,BAU,95,Simulation,2020,2060,5,N,Ref,Ref_Central,RCP45,Y,Y,Y,N,95
96,BAU,96,Simulation,2020,2060,5,N,Ref,Ref_Central,RCP45,Y,Y,Y,N,96
97,BAU,97,Simulation,2020,2060,5,N,Ref,Ref_Central,RCP45,Y,Y,Y,N,97
98,BAU,98,Simulation,2020,2060,5,N,Ref,Ref_Central,RCP45,Y,Y,Y,N,98
99,BAU,99,Simulation,2020,2060,5,N,Ref,Ref_Central,RCP45,Y,Y,Y,N,99
100,BAU,100,Simulation,2020,2060,5,N,Ref,Ref_Central,RCP45,Y,Y,Y,N,100
101,BAU,101,Simulation,2020,2060,5,N,Ref,Ref_Central,RCP45,Y,Y,Y,N,101
102,BAU,102,Simulation,2020,2060,5,N,Ref,Ref_Central,RCP45,Y,Y,Y,N,102
103,BAU,103,Simulation,2020,2060,5,N,Ref,Ref_Central,RCP45,Y,Y,Y,N,103
104,BAU,104,Simulation,2020,2060,5,N,Ref,Ref_Central,RCP45,Y,Y,Y,N,104
105,BAU,105,Simulation,2020,2060,5,N,Ref,Ref_Central,RCP45,Y,Y,Y,N,105
106,BAU,106,Simulation,2020,2060,5,N,Ref,Ref_Central,RCP45,Y,Y,Y,N,106
107,BAU,107,Simulation,2020,2060,5,N,Ref,Ref_Central,RCP45,Y,Y,Y,N,107
108,BAU,108,Simulation,2020,2060,5,N,Ref,Ref_Central,RCP45,Y,Y,Y,N,108
109,BAU,109,Simulation,2020,2060,5,N,Ref,Ref_Central,RCP45,Y,Y,Y,N,109
110,BAU,110,Simulation,2020,2060,5,N,Ref,Ref_Central,RCP45,Y,Y,Y,N,110
111,BAU,111,Simulation,2020,2060,5,N,Ref,Ref_Central,RCP45,Y,Y,Y,N,111
112,BAU,112,Simulation,2020,2060,5,N,Ref,Ref_Central,RCP45,Y,Y,Y,N,112
113,BAU,113,Simulation,2020,2060,5,N,Ref,Ref_Central,RCP45,Y,Y,Y,N,113
114,BAU,114,Simulation,2020,2060,5,N,Ref,Ref_Central,RCP45,Y,Y,Y,N,114
115,BAU,115,Simulation,2020,2060,5,N,Ref,Ref_Central,RCP45,Y,Y,Y,N,115
116,BAU,116,Simulation,2020,2060,5,N,Ref,Ref_Central,RCP45,Y,Y,Y,N,116
117,BAU,117,Simulation,2020,2060,5,N,Ref,Ref_Central,RCP45,Y,Y,Y,N,117
118,BAU,118,Simulation,2020,2060,5,N,Ref,Ref_Central,RCP45,Y,Y,Y,N,118
119,BAU,119,Simulation,2020,2060,5,N,Ref,Ref_Central,RCP45,Y,Y,Y,N,119
120,BAU,120,Simulation,2020,2060,5,N,Ref,Ref_Central,RCP45,Y,Y,Y,N,120
121,BAU,121,Simulation,2020,2060,5,N,Ref,Ref_Central,RCP45,Y,Y,Y,N,121
122,BAU,122,Simulation,2020,2060,5,N,Ref,Ref_Central,RCP45,Y,Y,Y,N,122
123,BAU,123,Simulation,2020,2060,5,N,Ref,Ref_Central,RCP45,Y,Y,Y,N,123
124,BAU,124,Simulation,2020,2060,5,N,Ref,Ref_Central,RCP45,Y,Y,Y,N,124
125,BAU,125,Simulation,2020,2060,5,N,Ref,Ref_Central,RCP45,Y,Y,Y,N,125
126,BAU,126,Simulation,2020,2060,5,N,Ref,Ref_Central,RCP45,Y,Y,Y,N,126
127,BAU,127,Simulation,2020,2060,5,N,Ref,Ref_Central,RCP45,Y,Y,Y,N,127
128,BAU,128,Simulation,2020,2060,5,N,Ref,Ref_Central,RCP45,Y,Y,Y,N,128
129,BAU,129,Simulation,2020,2060,5,N,Ref,Ref_Central,RCP45,Y,Y,Y,N,129
130,BAU,130,Simulation,2020,2060,5,N,Ref,Ref_Central,RCP45,Y,Y,Y,N,130
131,BAU,131,Simulation,2020,2060,5,N,Ref,Ref_Central,RCP45,Y,Y,Y,N,131
132,BAU,132,Simulation,2020,2060,5,N,Ref,Ref_Central,RCP45,Y,Y,Y,N,132
133,BAU,133,Simulation,2020,2060,5,N,Ref,Ref_Central,RCP45,Y,Y,Y,N,133
134,BAU,134,Simulation,2020,2060,5,N,Ref,Ref_Central,RCP45,Y,Y,Y,N,134
135,BAU,135,Simulation,2020,2060,5,N,Ref,Ref_Central,RCP45,Y,Y,Y,N,135
136,BAU,136,Simulation,2020,2060,5,N,Ref,Ref_Central,RCP45,Y,Y,Y,N,136
137,BAU,137,Simulation,2020,2060,5,N,Ref,Ref_Central,RCP45,Y,Y,Y,N,137
138,BAU,138,Simulation,2020,2060,5,N,Ref,Ref_Central,RCP45,Y,Y,Y,N,138
139,BAU,139,Simulation,2020,2060,5,N,Ref,Ref_Central,RCP45,Y,Y,Y,N,139
140,BAU,140,Simulation,2020,2060,5,N,Ref,Ref_Central,RCP45,Y,Y,Y,N,140
141,BAU,141,Simulation,2020,2060,5,N,Ref,Ref_Central,RCP45,Y,Y,Y,N,141
142,BAU,142,Simulation,2020,2060,5,N,Ref,Ref_Central,RCP45,Y,Y,Y,N,142
143,BAU,143,Simulation,2020,2060,5,N,Ref,Ref_Central,RCP45,Y,Y,Y,N,143
144,BAU,144,Simulation,2020,2060,5,N,Ref,Ref_Central,RCP45,Y,Y,Y,N,144
145,BAU,145,Simulation,2020,2060,5,N,Ref,Ref_Central,RCP45,Y,Y,Y,N,145
146,BAU,146,Simulation,2020,2060,5,N,Ref,Ref_Central,RCP45,Y,Y,Y,N,146
147,BAU,147,Simulation,2020,2060,5,N,Ref,Ref_Central,RCP45,Y,Y,Y,N,147
148,BAU,148,Simulation,2020,2060,5,N,Ref,Ref_Central,RCP45,Y,Y,Y,N,148
149,BAU,149,Simulation,2020,2060,5,N,Ref,Ref_Central,RCP45,Y,Y,Y,N,149
150,BAU,150,Simulation,2020,2060,5,N,Ref,Ref_Central,RCP45,Y,Y,Y,N,150
151,BAU,151,Simulation,2020,2060,5,N,Ref,Ref_Central,RCP45,Y,Y,Y,N,151
152,BAU,152,Simulation,2020,2060,5,N,Ref,Ref_Central,RCP45,Y,Y,Y,N,152
153,BAU,153,Simulation,2020,2060,5,N,Ref,Ref_Central,RCP45,Y,Y,Y,N,153
154,BAU,154,Simulation,2020,2060,5,N,Ref,Ref_Central,RCP45,Y,Y,Y,N,154
155,BAU,155,Simulation,2020,2060,5,N,Ref,Ref_Central,RCP45,Y,Y,Y,N,155
156,BAU,156,Simulation,2020,2060,5,N,Ref,Ref_Central,RCP45,Y,Y,Y,N,156
157,BAU,157,Simulation,2020,2060,5,N,Ref,Ref_Central,RCP45,Y,Y,Y,N,157
158,BAU,158,Simulation,2020,2060,5,N,Ref,Ref_Central,RCP45,Y,Y,Y,N,158
159,BAU,159,Simulation,2020,2060,5,N,Ref,Ref_Central,RCP45,Y,Y,Y,N,159
160,BAU,160,Simulation,2020,2060,5,N,Ref,Ref_Central,RCP45,Y,Y,Y,N,160
161,BAU,161,Simulation,2020,2060,5,N,Ref,Ref_Central,RCP45,Y,Y,Y,N,161
162,BAU,162,Simulation,2020,2060,5,N,Ref,Ref_Central,RCP45,Y,Y,Y,N,162
163,BAU,163,Simulation,2020,2060,5,N,Ref,Ref_Central,RCP45,Y,Y,Y,N,163
164,BAU,164,Simulation,2020,2060,5,N,Ref,Ref_Central,RCP45,Y,Y,Y,N,164
165,BAU,165,Simulation,2020,2060,5,N,Ref,Ref_Central,RCP45,Y,Y,Y,N,165
166,BAU,166,Simulation,2020,2060,5,N,Ref,Ref_Central,RCP45,Y,Y,Y,N,166
167,BAU,167,Simulation,2020,2060,5,N,Ref,Ref_Central,RCP45,Y,Y,Y,N,167
168,BAU,168,Simulation,2020,2060,5,N,Ref,Ref_Central,RCP45,Y,Y,Y,N,168
169,BAU,169,Simulation,2020,2060,5,N,Ref,Ref_Central,RCP45,Y,Y,Y,N,169
170,BAU,170,Simulation,2020,2060,5,N,Ref,Ref_Central,RCP45,Y,Y,Y,N,170
171,BAU,171,Simulation,2020,2060,5,N,Ref,Ref_Central,RCP45,Y,Y,Y,N,171
172,BAU,172,Simulation,2020,2060,5,N,Ref,Ref_Central,RCP45,Y,Y,Y,N,172
173,BAU,173,Simulation,2020,2060,5,N,Ref,Ref_Central,RCP45,Y,Y,Y,N,173
174,BAU,174,Simulation,2020,2060,5,N,Ref,Ref_Central,RCP45,Y,Y,Y,N,174
175,BAU,175,Simulation,2020,2060,5,N,Ref,Ref_Central,RCP45,Y,Y,Y,N,175
176,BAU,176,Simulation,2020,2060,5,N,Ref,Ref_Central,RCP45,Y,Y,Y,N,176
177,BAU,177,Simulation,2020,2060,5,N,Ref,Ref_Central,RCP45,Y,Y,Y,N,177
178,BAU,178,Simulation,2020,2060,5,N,Ref,Ref_Central,RCP45,Y,Y,Y,N,178
179,BAU,179,Simulation,2020,2060,5,N,Ref,Ref_Central,RCP45,Y,Y,Y,N,179
180,BAU,180,Simulation,2020,2060,5,N,Ref,Ref_Central,RCP45,Y,Y,Y,N,180
181,BAU,181,Simulation,2020,2060,5,N,Ref,Ref_Central,RCP45,Y,Y,Y,N,181
182,BAU,182,Simulation,2020,2060,5,N,Ref,Ref_Central,RCP45,Y,Y,Y,N,182
183,BAU,183,Simulation,2020,2060,5,N,Ref,Ref_Central,RCP45,Y,Y,Y,N,183
184,BAU,184,Simulation,2020,2060,5,N,Ref,Ref_Central,RCP45,Y,Y,Y,N,184
185,BAU,185,Simulation,2020,2060,5,N,Ref,Ref_Central,RCP45,Y,Y,Y,N,185
186,BAU,186,Simulation,2020,2060,5,N,Ref,Ref_Central,RCP45,Y,Y,Y,N,186
187,BAU,187,Simulation,2020,2060,5,N,Ref,Ref_Central,RCP45,Y,Y,Y,N,187
188,BAU,188,Simulation,2020,2060,5,N,Ref,Ref_Central,RCP45,Y,Y,Y,N,188
189,BAU,189,Simulation,2020,2060,5,N,Ref,Ref_Central,RCP45,Y,Y,Y,N,189
190,BAU,190,Simulation,2020,2060,5,N,Ref,Ref_Central,RCP45,Y,Y,Y,N,190
191,BAU,191,Simulation,2020,2060,5,N,Ref,Ref_Central,RCP45,Y,Y,Y,N,191
192,BAU,192,Simulation,2020,2060,5,N,Ref,Ref_Central,RCP45,Y,Y,Y,N,192
193,BAU,193,Simulation,2020,2060,5,N,Ref,Ref_Central,RCP45,Y,Y,Y,N,193
194,BAU,194,Simulation,2020,2060,5,N,Ref,Ref_Central,RCP45,Y,Y,Y,N,194
195,BAU,195,Simulation,2020,2060,5,N,Ref,Ref_Central,RCP45,Y,Y,Y,N,195
196,BAU,196,Simulation,2020,2060,5,N,Ref,Ref_Central,RCP45,Y,Y,Y,N,196
197,BAU,197,Simulation,2020,2060,5,N,Ref,Ref_Central,RCP45,Y,Y,Y,N,197
198,BAU,198,Simulation,2020,2060,5,N,Ref,Ref_Central,RCP45,Y,Y,Y,N,198
199,BAU,199,Simulation,2020,2060,5,N,Ref,Ref_Central,RCP45,Y,Y,Y,N,199
200,BAU,200,Simulation,2020,2060,5,N,Ref,Ref_Central,RCP45,Y,Y,Y,N,200
201,BAU,201,Simulation,2020,2060,5,N,Ref,Ref_Central,RCP45,Y,Y,Y,N,201
202,BAU,202,Simulation,2020,2060,5,N,Ref,Ref_Central,RCP45,Y,Y,Y,N,202
203,BAU,203,Simulation,2020,2060,5,N,Ref,Ref_Central,RCP45,Y,Y,Y,N,203
204,BAU,204,Simulation,2020,2060,5,N,Ref,Ref_Central,RCP45,Y,Y,Y,N,204
205,BAU,205,Simulation,2020,2060,5,N,Ref,Ref_Central,RCP45,Y,Y,Y,N,205
206,BAU,206,Simulation,2020,2060,5,N,Ref,Ref_Central,RCP45,Y,Y,Y,N,206
207,BAU,207,Simulation,2020,2060,5,N,Ref,Ref_Central,RCP45,Y,Y,Y,N,207
208,BAU,208,Simulation,2020,2060,5,N,Ref,Ref_Central,RCP45,Y,Y,Y,N,208
209,BAU,209,Simulation,2020,2060,5,N,Ref,Ref_Central,RCP45,Y,Y,Y,N,209
210,BAU,210,Simulation,2020,2060,5,N,Ref,Ref_Central,RCP45,Y,Y,Y,N,210
211,BAU,211,Simulation,2020,2060,5,N,Ref,Ref_Central,RCP45,Y,Y,Y,N,211
212,BAU,212,Simulation,2020,2060,5,N,Ref,Ref_Central,RCP45,Y,Y,Y,N,212
213,BAU,213,Simulation,2020,2060,5,N,Ref,Ref_Central,RCP45,Y,Y,Y,N,213
214,BAU,214,Simulation,2020,2060,5,N,Ref,Ref_Central,RCP45,Y,Y,Y,N,214
215,BAU,215,Simulation,2020,2060,5,N,Ref,Ref_Central,RCP45,Y,Y,Y,N,215
216,BAU,216,Simulation,2020,2060,5,N,Ref,Ref_Central,RCP45,Y,Y,Y,N,216
217,EI_NAT,217,Simulation,2020,2060,5,N,Low,Ecolo_Urban,RCP26,Y,Y,Y,N,217
218,EI_NAT,218,Simulation,2020,2060,5,N,Low,Ecolo_Urban,RCP26,Y,Y,Y,N,218
219,EI_NAT,219,Simulation,2020,2060,5,N,Low,Ecolo_Urban,RCP26,Y,Y,Y,N,219
220,EI_NAT,220,Simulation,2020,2060,5,N,Low,Ecolo_Urban,RCP26,Y,Y,Y,N,220
221,EI_NAT,221,Simulation,2020,2060,5,N,Low,Ecolo_Urban,RCP26,Y,Y,Y,N,221
222,EI_NAT,222,Simulation,2020,2060,5,N,Low,Ecolo_Urban,RCP26,Y,Y,Y,N,222
223,EI_NAT,223,Simulation,2020,2060,5,N,Low,Ecolo_Urban,RCP26,Y,Y,Y,N,223
224,EI_NAT,224,Simulation,2020,2060,5,N,Low,Ecolo_Urban,RCP26,Y,Y,Y,N,224
225,EI_NAT,225,Simulation,2020,2060,5,N,Low,Ecolo_Urban,RCP26,Y,Y,Y,N,225
226,EI_NAT,226,Simulation,2020,2060,5,N,Low,Ecolo_Urban,RCP26,Y,Y,Y,N,226
227,EI_NAT,227,Simulation,2020,2060,5,N,Low,Ecolo_Urban,RCP26,Y,Y,Y,N,227
228,EI_NAT,228,Simulation,2020,2060,5,N,Low,Ecolo_Urban,RCP26,Y,Y,Y,N,228
229,EI_NAT,229,Simulation,2020,2060,5,N,Low,Ecolo_Urban,RCP26,Y,Y,Y,N,229
230,EI_NAT,230,Simulation,2020,2060,5,N,Low,Ecolo_Urban,RCP26,Y,Y,Y,N,230
231,EI_NAT,231,Simulation,2020,2060,5,N,Low,Ecolo_Urban,RCP26,Y,Y,Y,N,231
232,EI_NAT,232,Simulation,2020,2060,5,N,Low,Ecolo_Urban,RCP26,Y,Y,Y,N,232
233,EI_NAT,233,Simulation,2020,2060,5,N,Low,Ecolo_Urban,RCP26,Y,Y,Y,N,233
234,EI_NAT,234,Simulation,2020,2060,5,N,Low,Ecolo_Urban,RCP26,Y,Y,Y,N,234
235,EI_NAT,235,Simulation,2020,2060,5,N,Low,Ecolo_Urban,RCP26,Y,Y,Y,N,235
236,EI_NAT,236,Simulation,2020,2060,5,N,Low,Ecolo_Urban,RCP26,Y,Y,Y,N,236
237,EI_NAT,237,Simulation,2020,2060,5,N,Low,Ecolo_Urban,RCP26,Y,Y,Y,N,237
238,EI_NAT,238,Simulation,2020,2060,5,N,Low,Ecolo_Urban,RCP26,Y,Y,Y,N,238
239,EI_NAT,239,Simulation,2020,2060,5,N,Low,Ecolo_Urban,RCP26,Y,Y,Y,N,239
240,EI_NAT,240,Simulation,2020,2060,5,N,Low,Ecolo_Urban,RCP26,Y,Y,Y,N,240
241,EI_NAT,241,Simulation,2020,2060,5,N,Low,Ecolo_Urban,RCP26,Y,Y,Y,N,241
242,EI_NAT,242,Simulation,2020,2060,5,N,Low,Ecolo_Urban,RCP26,Y,Y,Y,N,242
243,EI_NAT,243,Simulation,2020,2060,5,N,Low,Ecolo_Urban,RCP26,Y,Y,Y,N,243
244,EI_NAT,244,Simulation,2020,2060,5,N,Low,Ecolo_Urban,RCP26,Y,Y,Y,N,244
245,EI_NAT,245,Simulation,2020,2060,5,N,Low,Ecolo_Urban,RCP26,Y,Y,Y,N,245
246,EI_NAT,246,Simulation,2020,2060,5,N,Low,Ecolo_Urban,RCP26,Y,Y,Y,N,246
247,EI_NAT,247,Simulation,2020,2060,5,N,Low,Ecolo_Urban,RCP26,Y,Y,Y,N,247
248,EI_NAT,248,Simulation,2020,2060,5,N,Low,Ecolo_Urban,RCP26,Y,Y,Y,N,248
249,EI_NAT,249,Simulation,2020,2060,5,N,Low,Ecolo_Urban,RCP26,Y,Y,Y,N,249
250,EI_NAT,250,Simulation,2020,2060,5,N,Low,Ecolo_Urban,RCP26,Y,Y,Y,N,250
251,EI_NAT,251,Simulation,2020,2060,5,N,Low,Ecolo_Urban,RCP26,Y,Y,Y,N,251
252,EI_NAT,252,Simulation,2020,2060,5,N,Low,Ecolo_Urban,RCP26,Y,Y,Y,N,252
253,EI_NAT,253,Simulation,2020,2060,5,N,Low,Ecolo_Urban,RCP26,Y,Y,Y,N,253
254,EI_NAT,254,Simulation,2020,2060,5,N,Low,Ecolo_Urban,RCP26,Y,Y,Y,N,254
255,EI_NAT,255,Simulation,2020,2060,5,N,Low,Ecolo_Urban,RCP26,Y,Y,Y,N,255
256,EI_NAT,256,Simulation,2020,2060,5,N,Low,Ecolo_Urban,RCP26,Y,Y,Y,N,256
257,EI_NAT,257,Simulation,2020,2060,5,N,Low,Ecolo_Urban,RCP26,Y,Y,Y,N,257
258,EI_NAT,258,Simulation,2020,2060,5,N,Low,Ecolo_Urban,RCP26,Y,Y,Y,N,258
259,EI_NAT,259,Simulation,2020,2060,5,N,Low,Ecolo_Urban,RCP26,Y,Y,Y,N,259
260,EI_NAT,260,Simulation,2020,2060,5,N,Low,Ecolo_Urban,RCP26,Y,Y,Y,N,260
261,EI_NAT,261,Simulation,2020,2060,5,N,Low,Ecolo_Urban,RCP26,Y,Y,Y,N,261
262,EI_NAT,262,Simulation,2020,2060,5,N,Low,Ecolo_Urban,RCP26,Y,Y,Y,N,262
263,EI_NAT,263,Simulation,2020,2060,5,N,Low,Ecolo_Urban,RCP26,Y,Y,Y,N,263
264,EI_NAT,264,Simulation,2020,2060,5,N,Low,Ecolo_Urban,RCP26,Y,Y,Y,N,264
265,EI_NAT,265,Simulation,2020,2060,5,N,Low,Ecolo_Urban,RCP26,Y,Y,Y,N,265
266,EI_NAT,266,Simulation,2020,2060,5,N,Low,Ecolo_Urban,RCP26,Y,Y,Y,N,266
267,EI_NAT,267,Simulation,2020,2060,5,N,Low,Ecolo_Urban,RCP26,Y,Y,Y,N,267
268,EI_NAT,268,Simulation,2020,2060,5,N,Low,Ecolo_Urban,RCP26,Y,Y,Y,N,268
269,EI_NAT,269,Simulation,2020,2060,5,N,Low,Ecolo_Urban,RCP26,Y,Y,Y,N,269
270,EI_NAT,270,Simulation,2020,2060,5,N,Low,Ecolo_Urban,RCP26,Y,Y,Y,N,270
271,EI_NAT,271,Simulation,2020,2060,5,N,Low,Ecolo_Urban,RCP26,Y,Y,Y,N,271
272,EI_NAT,272,Simulation,2020,2060,5,N,Low,Ecolo_Urban,RCP26,Y,Y,Y,N,272
273,EI_NAT,273,Simulation,2020,2060,5,N,Low,Ecolo_Urban,RCP26,Y,Y,Y,N,273
274,EI_NAT,274,Simulation,2020,2060,5,N,Low,Ecolo_Urban,RCP26,Y,Y,Y,N,274
275,EI_NAT,275,Simulation,2020,2060,5,N,Low,Ecolo_Urban,RCP26,Y,Y,Y,N,275
276,EI_NAT,276,Simulation,2020,2060,5,N,Low,Ecolo_Urban,RCP26,Y,Y,Y,N,276
277,EI_NAT,277,Simulation,2020,2060,5,N,Low,Ecolo_Urban,RCP26,Y,Y,Y,N,277
278,EI_NAT,278,Simulation,2020,2060,5,N,Low,Ecolo_Urban,RCP26,Y,Y,Y,N,278
279,EI_NAT,279,Simulation,2020,2060,5,N,Low,Ecolo_Urban,RCP26,Y,Y,Y,N,279
280,EI_NAT,280,Simulation,2020,2060,5,N,Low,Ecolo_Urban,RCP26,Y,Y,Y,N,280
281,EI_NAT,281,Simulation,2020,2060,5,N,Low,Ecolo_Urban,RCP26,Y,Y,Y,N,281
282,EI_NAT,282,Simulation,2020,2060,5,N,Low,Ecolo_Urban,RCP26,Y,Y,Y,N,282
283,EI_NAT,283,Simulation,2020,2060,5,N,Low,Ecolo_Urban,RCP26,Y,Y,Y,N,283
284,EI_NAT,284,Simulation,2020,2060,5,N,Low,Ecolo_Urban,RCP26,Y,Y,Y,N,284
285,EI_NAT,285,Simulation,2020,2060,5,N,Low,Ecolo_Urban,RCP26,Y,Y,Y,N,285
286,EI_NAT,286,Simulation,2020,2060,5,N,Low,Ecolo_Urban,RCP26,Y,Y,Y,N,286
287,EI_NAT,287,Simulation,2020,2060,5,N,Low,Ecolo_Urban,RCP26,Y,Y,Y,N,287
288,EI_NAT,288,Simulation,2020,2060,5,N,Low,Ecolo_Urban,RCP26,Y,Y,Y,N,288
289,EI_NAT,289,Simulation,2020,2060,5,N,Low,Ecolo_Urban,RCP26,Y,Y,Y,N,289
290,EI_NAT,290,Simulation,2020,2060,5,N,Low,Ecolo_Urban,RCP26,Y,Y,Y,N,290
291,EI_NAT,291,Simulation,2020,2060,5,N,Low,Ecolo_Urban,RCP26,Y,Y,Y,N,291
292,EI_NAT,292,Simulation,2020,2060,5,N,Low,Ecolo_Urban,RCP26,Y,Y,Y,N,292
293,EI_NAT,293,Simulation,2020,2060,5,N,Low,Ecolo_Urban,RCP26,Y,Y,Y,N,293
294,EI_NAT,294,Simulation,2020,2060,5,N,Low,Ecolo_Urban,RCP26,Y,Y,Y,N,294
295,EI_NAT,295,Simulation,2020,2060,5,N,Low,Ecolo_Urban,RCP26,Y,Y,Y,N,295
296,EI_NAT,296,Simulation,2020,2060,5,N,Low,Ecolo_Urban,RCP26,Y,Y,Y,N,296
297,EI_NAT,297,Simulation,2020,2060,5,N,Low,Ecolo_Urban,RCP26,Y,Y,Y,N,297
298,EI_NAT,298,Simulation,2020,2060,5,N,Low,Ecolo_Urban,RCP26,Y,Y,Y,N,298
299,EI_NAT,299,Simulation,2020,2060,5,N,Low,Ecolo_Urban,RCP26,Y,Y,Y,N,299
300,EI_NAT,300,Simulation,2020,2060,5,N,Low,Ecolo_Urban,RCP26,Y,Y,Y,N,300
301,EI_NAT,301,Simulation,2020,2060,5,N,Low,Ecolo_Urban,RCP26,Y,Y,Y,N,301
302,EI_NAT,302,Simulation,2020,2060,5,N,Low,Ecolo_Urban,RCP26,Y,Y,Y,N,302
303,EI_NAT,303,Simulation,2020,2060,5,N,Low,Ecolo_Urban,RCP26,Y,Y,Y,N,303
304,EI_NAT,304,Simulation,2020,2060,5,N,Low,Ecolo_Urban,RCP26,Y,Y,Y,N,304
305,EI_NAT,305,Simulation,2020,2060,5,N,Low,Ecolo_Urban,RCP26,Y,Y,Y,N,305
306,EI_NAT,306,Simulation,2020,2060,5,N,Low,Ecolo_Urban,RCP26,Y,Y,Y,N,306
307,EI_NAT,307,Simulation,2020,2060,5,N,Low,Ecolo_Urban,RCP26,Y,Y,Y,N,307
308,EI_NAT,308,Simulation,2020,2060,5,N,Low,Ecolo_Urban,RCP26,Y,Y,Y,N,308
309,EI_NAT,309,Simulation,2020,2060,5,N,Low,Ecolo_Urban,RCP26,Y,Y,Y,N,309
310,EI_NAT,310,Simulation,2020,2060,5,N,Low,Ecolo_Urban,RCP26,Y,Y,Y,N,310
311,EI_NAT,311,Simulation,2020,2060,5,N,Low,Ecolo_Urban,RCP26,Y,Y,Y,N,311
312,EI_NAT,312,Simulation,2020,2060,5,N,Low,Ecolo_Urban,RCP26,Y,Y,Y,N,312
313,EI_NAT,313,Simulation,2020,2060,5,N,Low,Ecolo_Urban,RCP26,Y,Y,Y,N,313
314,EI_NAT,314,Simulation,2020,2060,5,N,Low,Ecolo_Urban,RCP26,Y,Y,Y,N,314
315,EI_NAT,315,Simulation,2020,2060,5,N,Low,Ecolo_Urban,RCP26,Y,Y,Y,N,315
316,EI_NAT,316,Simulation,2020,2060,5,N,Low,Ecolo_Urban,RCP26,Y,Y,Y,N,316
317,EI_NAT,317,Simulation,2020,2060,5,N,Low,Ecolo_Urban,RCP26,Y,Y,Y,N,317
318,EI_NAT,318,Simulation,2020,2060,5,N,Low,Ecolo_Urban,RCP26,Y,Y,Y,N,318
319,EI_NAT,319,Simulation,2020,2060,5,N,Low,Ecolo_Urban,RCP26,Y,Y,Y,N,319
320,EI_NAT,320,Simulation,2020,2060,5,N,Low,Ecolo_Urban,RCP26,Y,Y,Y,N,320
321,EI_NAT,321,Simulation,2020,2060,5,N,Low,Ecolo_Urban,RCP26,Y,Y,Y,N,321
322,EI_NAT,322,Simulation,2020,2060,5,N,Low,Ecolo_Urban,RCP26,Y,Y,Y,N,322
323,EI_NAT,323,Simulation,2020,2060,5,N,Low,Ecolo_Urban,RCP26,Y,Y,Y,N,323
324,EI_NAT,324,Simulation,2020,2060,5,N,Low,Ecolo_Urban,RCP26,Y,Y,Y,N,324
325,EI_NAT,325,Simulation,2020,2060,5,N,Low,Ecolo_Urban,RCP26,Y,Y,Y,N,325
326,EI_NAT,326,Simulation,2020,2060,5,N,Low,Ecolo_Urban,RCP26,Y,Y,Y,N,326
327,EI_NAT,327,Simulation,2020,2060,5,N,Low,Ecolo_Urban,RCP26,Y,Y,Y,N,327
328,EI_NAT,328,Simulation,2020,2060,5,N,Low,Ecolo_Urban,RCP26,Y,Y,Y,N,328
329,EI_NAT,329,Simulation,2020,2060,5,N,Low,Ecolo_Urban,RCP26,Y,Y,Y,N,329
330,EI_NAT,330,Simulation,2020,2060,5,N,Low,Ecolo_Urban,RCP26,Y,Y,Y,N,330
331,EI_NAT,331,Simulation,2020,2060,5,N,Low,Ecolo_Urban,RCP26,Y,Y,Y,N,331
332,EI_NAT,332,Simulation,2020,2060,5,N,Low,Ecolo_Urban,RCP26,Y,Y,Y,N,332
333,EI_NAT,333,Simulation,2020,2060,5,N,Low,Ecolo_Urban,RCP26,Y,Y,Y,N,333
334,EI_NAT,334,Simulation,2020,2060,5,N,Low,Ecolo_Urban,RCP26,Y,Y,Y,N,334
335,EI_NAT,335,Simulation,2020,2060,5,N,Low,Ecolo_Urban,RCP26,Y,Y,Y,N,335
336,EI_NAT,336,Simulation,2020,2060,5,N,Low,Ecolo_Urban,RCP26,Y,Y,Y,N,336
337,EI_NAT,337,Simulation,2020,2060,5,N,Low,Ecolo_Urban,RCP26,Y,Y,Y,N,337
338,EI_NAT,338,Simulation,2020,2060,5,N,Low,Ecolo_Urban,RCP26,Y,Y,Y,N,338
339,EI_NAT,339,Simulation,2020,2060,5,N,Low,Ecolo_Urban,RCP26,Y,Y,Y,N,339
340,EI_NAT,340,Simulation,2020,2060,5,N,Low,Ecolo_Urban,RCP26,Y,Y,Y,N,340
341,EI_NAT,341,Simulation,2020,2060,5,N,Low,Ecolo_Urban,RCP26,Y,Y,Y,N,341
342,EI_NAT,342,Simulation,2020,2060,5,N,Low,Ecolo_Urban,RCP26,Y,Y,Y,N,342
343,EI_NAT,343,Simulation,2020,2060,5,N,Low,Ecolo_Urban,RCP26,Y,Y,Y,N,343
344,EI_NAT,344,Simulation,2020,2060,5,N,Low,Ecolo_Urban,RCP26,Y,Y,Y,N,344
345,EI_NAT,345,Simulation,2020,2060,5,N,Low,Ecolo_Urban,RCP26,Y,Y,Y,N,345
346,EI_NAT,346,Simulation,2020,2060,5,N,Low,Ecolo_Urban,RCP26,Y,Y,Y,N,346
347,EI_NAT,347,Simulation,2020,2060,5,N,Low,Ecolo_Urban,RCP26,Y,Y,Y,N,347
348,EI_NAT,348,Simulation,2020,2060,5,N,Low,Ecolo_Urban,RCP26,Y,Y,Y,N,348
349,EI_NAT,349,Simulation,2020,2060,5,N,Low,Ecolo_Urban,RCP26,Y,Y,Y,N,349
350,EI_NAT,350,Simulation,2020,2060,5,N,Low,Ecolo_Urban,RCP26,Y,Y,Y,N,350
351,EI_NAT,351,Simulation,2020,2060,5,N,Low,Ecolo_Urban,RCP26,Y,Y,Y,N,351
352,EI_NAT,352,Simulation,2020,2060,5,N,Low,Ecolo_Urban,RCP26,Y,Y,Y,N,352
353,EI_NAT,353,Simulation,2020,2060,5,N,Low,Ecolo_Urban,RCP26,Y,Y,Y,N,353
354,EI_NAT,354,Simulation,2020,2060,5,N,Low,Ecolo_Urban,RCP26,Y,Y,Y,N,354
355,EI_NAT,355,Simulation,2020,2060,5,N,Low,Ecolo_Urban,RCP26,Y,Y,Y,N,355
356,EI_NAT,356,Simulation,2020,2060,5,N,Low,Ecolo_Urban,RCP26,Y,Y,Y,N,356
357,EI_NAT,357,Simulation,2020,2060,5,N,Low,Ecolo_Urban,RCP26,Y,Y,Y,N,357
358,EI_NAT,358,Simulation,2020,2060,5,N,Low,Ecolo_Urban,RCP26,Y,Y,Y,N,358
359,EI_NAT,359,Simulation,2020,2060,5,N,Low,Ecolo_Urban,RCP26,Y,Y,Y,N,359
360,EI_NAT,360,Simulation,2020,2060,5,N,Low,Ecolo_Urban,RCP26,Y,Y,Y,N,360
361,EI_NAT,361,Simulation,2020,2060,5,N,Low,Ecolo_Urban,RCP26,Y,Y,Y,N,361
362,EI_NAT,362,Simulation,2020,2060,5,N,Low,Ecolo_Urban,RCP26,Y,Y,Y,N,362
363,EI_NAT,363,Simulation,2020,2060,5,N,Low,Ecolo_Urban,RCP26,Y,Y,Y,N,363
364,EI_NAT,364,Simulation,2020,2060,5,N,Low,Ecolo_Urban,RCP26,Y,Y,Y,N,364
365,EI_NAT,365,Simulation,2020,2060,5,N,Low,Ecolo_Urban,RCP26,Y,Y,Y,N,365
366,EI_NAT,366,Simulation,2020,2060,5,N,Low,Ecolo_Urban,RCP26,Y,Y,Y,N,366
367,EI_NAT,367,Simulation,2020,2060,5,N,Low,Ecolo_Urban,RCP26,Y,Y,Y,N,367
368,EI_NAT,368,Simulation,2020,2060,5,N,Low,Ecolo_Urban,RCP26,Y,Y,Y,N,368
369,EI_NAT,369,Simulation,2020,2060,5,N,Low,Ecolo_Urban,RCP26,Y,Y,Y,N,369
370,EI_NAT,370,Simulation,2020,2060,5,N,Low,Ecolo_Urban,RCP26,Y,Y,Y,N,370
371,EI_NAT,371,Simulation,2020,2060,5,N,Low,Ecolo_Urban,RCP26,Y,Y,Y,N,371
372,EI_NAT,372,Simulation,2020,2060,5,N,Low,Ecolo_Urban,RCP26,Y,Y,Y,N,372
373,EI_NAT,373,Simulation,2020,2060,5,N,Low,Ecolo_Urban,RCP26,Y,Y,Y,N,373
374,EI_NAT,374,Simulation,2020,2060,5,N,Low,Ecolo_Urban,RCP26,Y,Y,Y,N,374
375,EI_NAT,375,Simulation,2020,2060,5,N,Low,Ecolo_Urban,RCP26,Y,Y,Y,N,375
376,EI_NAT,376,Simulation,2020,2060,5,N,Low,Ecolo_Urban,RCP26,Y,Y,Y,N,376
377,EI_NAT,377,Simulation,2020,2060,5,N,Low,Ecolo_Urban,RCP26,Y,Y,Y,N,377
378,EI_NAT,378,Simulation,2020,2060,5,N,Low,Ecolo_Urban,RCP26,Y,Y,Y,N,378
379,EI_NAT,379,Simulation,2020,2060,5,N,Low,Ecolo_Urban,RCP26,Y,Y,Y,N,379
380,EI_NAT,380,Simulation,2020,2060,5,N,Low,Ecolo_Urban,RCP26,Y,Y,Y,N,380
381,EI_NAT,381,Simulation,2020,2060,5,N,Low,Ecolo_Urban,RCP26,Y,Y,Y,N,381
382,EI_NAT,382,Simulation,2020,2060,5,N,Low,Ecolo_Urban,RCP26,Y,Y,Y,N,382
383,EI_NAT,383,Simulation,2020,2060,5,N,Low,Ecolo_Urban,RCP26,Y,Y,Y,N,383
384,EI_NAT,384,Simulation,2020,2060,5,N,Low,Ecolo_Urban,RCP26,Y,Y,Y,N,384
385,EI_NAT,385,Simulation,2020,2060,5,N,Low,Ecolo_Urban,RCP26,Y,Y,Y,N,385
386,EI_NAT,386,Simulation,2020,2060,5,N,Low,Ecolo_Urban,RCP26,Y,Y,Y,N,386
387,EI_NAT,387,Simulation,2020,2060,5,N,Low,Ecolo_Urban,RCP26,Y,Y,Y,N,387
388,EI_NAT,388,Simulation,2020,2060,5,N,Low,Ecolo_Urban,RCP26,Y,Y,Y,N,388
389,EI_NAT,389,Simulation,2020,2060,5,N,Low,Ecolo_Urban,RCP26,Y,Y,Y,N,389
390,EI_NAT,390,Simulation,2020,2060,5,N,Low,Ecolo_Urban,RCP26,Y,Y,Y,N,390
391,EI_NAT,391,Simulation,2020,2060,5,N,Low,Ecolo_Urban,RCP26,Y,Y,Y,N,391
392,EI_NAT,392,Simulation,2020,2060,5,N,Low,Ecolo_Urban,RCP26,Y,Y,Y,N,392
393,EI_NAT,393,Simulation,2020,2060,5,N,Low,Ecolo_Urban,RCP26,Y,Y,Y,N,393
394,EI_NAT,394,Simulation,2020,2060,5,N,Low,Ecolo_Urban,RCP26,Y,Y,Y,N,394
395,EI_NAT,395,Simulation,2020,2060,5,N,Low,Ecolo_Urban,RCP26,Y,Y,Y,N,395
396,EI_NAT,396,Simulation,2020,2060,5,N,Low,Ecolo_Urban,RCP26,Y,Y,Y,N,396
397,EI_NAT,397,Simulation,2020,2060,5,N,Low,Ecolo_Urban,RCP26,Y,Y,Y,N,397
398,EI_NAT,398,Simulation,2020,2060,5,N,Low,Ecolo_Urban,RCP26,Y,Y,Y,N,398
399,EI_NAT,399,Simulation,2020,2060,5,N,Low,Ecolo_Urban,RCP26,Y,Y,Y,N,399
400,EI_NAT,400,Simulation,2020,2060,5,N,Low,Ecolo_Urban,RCP26,Y,Y,Y,N,400
401,EI_NAT,401,Simulation,2020,2060,5,N,Low,Ecolo_Urban,RCP26,Y,Y,Y,N,401
402,EI_NAT,402,Simulation,2020,2060,5,N,Low,Ecolo_Urban,RCP26,Y,Y,Y,N,402
403,EI_NAT,403,Simulation,2020,2060,5,N,Low,Ecolo_Urban,RCP26,Y,Y,Y,N,403
404,EI_NAT,404,Simulation,2020,2060,5,N,Low,Ecolo_Urban,RCP26,Y,Y,Y,N,404
405,EI_NAT,405,Simulation,2020,2060,5,N,Low,Ecolo_Urban,RCP26,Y,Y,Y,N,405
406,EI_NAT,406,Simulation,2020,2060,5,N,Low,Ecolo_Urban,RCP26,Y,Y,Y,N,406
407,EI_NAT,407,Simulation,2020,2060,5,N,Low,Ecolo_Urban,RCP26,Y,Y,Y,N,407
408,EI_NAT,408,Simulation,2020,2060,5,N,Low,Ecolo_Urban,RCP26,Y,Y,Y,N,408
409,EI_NAT,409,Simulation,2020,2060,5,N,Low,Ecolo_Urban,RCP26,Y,Y,Y,N,409
410,EI_NAT,410,Simulation,2020,2060,5,N,Low,Ecolo_Urban,RCP26,Y,Y,Y,N,410
411,EI_NAT,411,Simulation,2020,2060,5,N,Low,Ecolo_Urban,RCP26,Y,Y,Y,N,411
412,EI_NAT,412,Simulation,2020,2060,5,N,Low,Ecolo_Urban,RCP26,Y,Y,Y,N,412
413,EI_NAT,413,Simulation,2020,2060,5,N,Low,Ecolo_Urban,RCP26,Y,Y,Y,N,413
414,EI_NAT,414,Simulation,2020,2060,5,N,Low,Ecolo_Urban,RCP26,Y,Y,Y,N,414
415,EI_NAT,415,Simulation,2020,2060,5,N,Low,Ecolo_Urban,RCP26,Y,Y,Y,N,415
416,EI_NAT,416,Simulation,2020,2060,5,N,Low,Ecolo_Urban,RCP26,Y,Y,Y,N,416
417,EI_NAT,417,Simulation,2020,2060,5,N,Low,Ecolo_Urban,RCP26,Y,Y,Y,N,417
418,EI_NAT,418,Simulation,2020,2060,5,N,Low,Ecolo_Urban,RCP26,Y,Y,Y,N,418
419,EI_NAT,419,Simulation,2020,2060,5,N,Low,Ecolo_Urban,RCP26,Y,Y,Y,N,419
420,EI_NAT,420,Simulation,2020,2060,5,N,Low,Ecolo_Urban,RCP26,Y,Y,Y,N,420
421,EI_NAT,421,Simulation,2020,2060,5,N,Low,Ecolo_Urban,RCP26,Y,Y,Y,N,421
422,EI_NAT,422,Simulation,2020,2060,5,N,Low,Ecolo_Urban,RCP26,Y,Y,Y,N,422
423,EI_NAT,423,Simulation,2020,2060,5,N,Low,Ecolo_Urban,RCP26,Y,Y,Y,N,423
424,EI_NAT,424,Simulation,2020,2060,5,N,Low,Ecolo_Urban,RCP26,Y,Y,Y,N,424
425,EI_NAT,425,Simulation,2020,2060,5,N,Low,Ecolo_Urban,RCP26,Y,Y,Y,N,425
426,EI_NAT,426,Simulation,2020,2060,5,N,Low,Ecolo_Urban,RCP26,Y,Y,Y,N,426
427,EI_NAT,427,Simulation,2020,2060,5,N,Low,Ecolo_Urban,RCP26,Y,Y,Y,N,427
428,EI_NAT,428,Simulation,2020,2060,5,N,Low,Ecolo_Urban,RCP26,Y,Y,Y,N,428
429,EI_NAT,429,Simulation,2020,2060,5,N,Low,Ecolo_Urban,RCP26,Y,Y,Y,N,429
430,EI_NAT,430,Simulation,2020,2060,5,N,Low,Ecolo_Urban,RCP26,Y,Y,Y,N,430
431,EI_NAT,431,Simulation,2020,2060,5,N,Low,Ecolo_Urban,RCP26,Y,Y,Y,N,431
432,EI_NAT,432,Simulation,2020,2060,5,N,Low,Ecolo_Urban,RCP26,Y,Y,Y,N,432
433,EI_CUL,433,Simulation,2020,2060,5,N,Ref,Ecolo_Central,RCP26,Y,Y,Y,N,433
434,EI_CUL,434,Simulation,2020,2060,5,N,Ref,Ecolo_Central,RCP26,Y,Y,Y,N,434
435,EI_CUL,435,Simulation,2020,2060,5,N,Ref,Ecolo_Central,RCP26,Y,Y,Y,N,435
436,EI_CUL,436,Simulation,2020,2060,5,N,Ref,Ecolo_Central,RCP26,Y,Y,Y,N,436
437,EI_CUL,437,Simulation,2020,2060,5,N,Ref,Ecolo_Central,RCP26,Y,Y,Y,N,437
438,EI_CUL,438,Simulation,2020,2060,5,N,Ref,Ecolo_Central,RCP26,Y,Y,Y,N,438
439,EI_CUL,439,Simulation,2020,2060,5,N,Ref,Ecolo_Central,RCP26,Y,Y,Y,N,439
440,EI_CUL,440,Simulation,2020,2060,5,N,Ref,Ecolo_Central,RCP26,Y,Y,Y,N,440
441,EI_CUL,441,Simulation,2020,2060,5,N,Ref,Ecolo_Central,RCP26,Y,Y,Y,N,441
442,EI_CUL,442,Simulation,2020,2060,5,N,Ref,Ecolo_Central,RCP26,Y,Y,Y,N,442
443,EI_CUL,443,Simulation,2020,2060,5,N,Ref,Ecolo_Central,RCP26,Y,Y,Y,N,443
444,EI_CUL,444,Simulation,2020,2060,5,N,Ref,Ecolo_Central,RCP26,Y,Y,Y,N,444
445,EI_CUL,445,Simulation,2020,2060,5,N,Ref,Ecolo_Central,RCP26,Y,Y,Y,N,445
446,EI_CUL,446,Simulation,2020,2060,5,N,Ref,Ecolo_Central,RCP26,Y,Y,Y,N,446
447,EI_CUL,447,Simulation,2020,2060,5,N,Ref,Ecolo_Central,RCP26,Y,Y,Y,N,447
448,EI_CUL,448,Simulation,2020,2060,5,N,Ref,Ecolo_Central,RCP26,Y,Y,Y,N,448
449,EI_CUL,449,Simulation,2020,2060,5,N,Ref,Ecolo_Central,RCP26,Y,Y,Y,N,449
450,EI_CUL,450,Simulation,2020,2060,5,N,Ref,Ecolo_Central,RCP26,Y,Y,Y,N,450
451,EI_CUL,451,Simulation,2020,2060,5,N,Ref,Ecolo_Central,RCP26,Y,Y,Y,N,451
452,EI_CUL,452,Simulation,2020,2060,5,N,Ref,Ecolo_Central,RCP26,Y,Y,Y,N,452
453,EI_CUL,453,Simulation,2020,2060,5,N,Ref,Ecolo_Central,RCP26,Y,Y,Y,N,453
454,EI_CUL,454,Simulation,2020,2060,5,N,Ref,Ecolo_Central,RCP26,Y,Y,Y,N,454
455,EI_CUL,455,Simulation,2020,2060,5,N,Ref,Ecolo_Central,RCP26,Y,Y,Y,N,455
456,EI_CUL,456,Simulation,2020,2060,5,N,Ref,Ecolo_Central,RCP26,Y,Y,Y,N,456
457,EI_CUL,457,Simulation,2020,2060,5,N,Ref,Ecolo_Central,RCP26,Y,Y,Y,N,457
458,EI_CUL,458,Simulation,2020,2060,5,N,Ref,Ecolo_Central,RCP26,Y,Y,Y,N,458
459,EI_CUL,459,Simulation,2020,2060,5,N,Ref,Ecolo_Central,RCP26,Y,Y,Y,N,459
460,EI_CUL,460,Simulation,2020,2060,5,N,Ref,Ecolo_Central,RCP26,Y,Y,Y,N,460
461,EI_CUL,461,Simulation,2020,2060,5,N,Ref,Ecolo_Central,RCP26,Y,Y,Y,N,461
462,EI_CUL,462,Simulation,2020,2060,5,N,Ref,Ecolo_Central,RCP26,Y,Y,Y,N,462
463,EI_CUL,463,Simulation,2020,2060,5,N,Ref,Ecolo_Central,RCP26,Y,Y,Y,N,463
464,EI_CUL,464,Simulation,2020,2060,5,N,Ref,Ecolo_Central,RCP26,Y,Y,Y,N,464
465,EI_CUL,465,Simulation,2020,2060,5,N,Ref,Ecolo_Central,RCP26,Y,Y,Y,N,465
466,EI_CUL,466,Simulation,2020,2060,5,N,Ref,Ecolo_Central,RCP26,Y,Y,Y,N,466
467,EI_CUL,467,Simulation,2020,2060,5,N,Ref,Ecolo_Central,RCP26,Y,Y,Y,N,467
468,EI_CUL,468,Simulation,2020,2060,5,N,Ref,Ecolo_Central,RCP26,Y,Y,Y,N,468
469,EI_CUL,469,Simulation,2020,2060,5,N,Ref,Ecolo_Central,RCP26,Y,Y,Y,N,469
470,EI_CUL,470,Simulation,2020,2060,5,N,Ref,Ecolo_Central,RCP26,Y,Y,Y,N,470
471,EI_CUL,471,Simulation,2020,2060,5,N,Ref,Ecolo_Central,RCP26,Y,Y,Y,N,471
472,EI_CUL,472,Simulation,2020,2060,5,N,Ref,Ecolo_Central,RCP26,Y,Y,Y,N,472
473,EI_CUL,473,Simulation,2020,2060,5,N,Ref,Ecolo_Central,RCP26,Y,Y,Y,N,473
474,EI_CUL,474,Simulation,2020,2060,5,N,Ref,Ecolo_Central,RCP26,Y,Y,Y,N,474
475,EI_CUL,475,Simulation,2020,2060,5,N,Ref,Ecolo_Central,RCP26,Y,Y,Y,N,475
476,EI_CUL,476,Simulation,2020,2060,5,N,Ref,Ecolo_Central,RCP26,Y,Y,Y,N,476
477,EI_CUL,477,Simulation,2020,2060,5,N,Ref,Ecolo_Central,RCP26,Y,Y,Y,N,477
478,EI_CUL,478,Simulation,2020,2060,5,N,Ref,Ecolo_Central,RCP26,Y,Y,Y,N,478
479,EI_CUL,479,Simulation,2020,2060,5,N,Ref,Ecolo_Central,RCP26,Y,Y,Y,N,479
480,EI_CUL,480,Simulation,2020,2060,5,N,Ref,Ecolo_Central,RCP26,Y,Y,Y,N,480
481,EI_CUL,481,Simulation,2020,2060,5,N,Ref,Ecolo_Central,RCP26,Y,Y,Y,N,481
482,EI_CUL,482,Simulation,2020,2060,5,N,Ref,Ecolo_Central,RCP26,Y,Y,Y,N,482
483,EI_CUL,483,Simulation,2020,2060,5,N,Ref,Ecolo_Central,RCP26,Y,Y,Y,N,483
484,EI_CUL,484,Simulation,2020,2060,5,N,Ref,Ecolo_Central,RCP26,Y,Y,Y,N,484
485,EI_CUL,485,Simulation,2020,2060,5,N,Ref,Ecolo_Central,RCP26,Y,Y,Y,N,485
486,EI_CUL,486,Simulation,2020,2060,5,N,Ref,Ecolo_Central,RCP26,Y,Y,Y,N,486
487,EI_CUL,487,Simulation,2020,2060,5,N,Ref,Ecolo_Central,RCP26,Y,Y,Y,N,487
488,EI_CUL,488,Simulation,2020,2060,5,N,Ref,Ecolo_Central,RCP26,Y,Y,Y,N,488
489,EI_CUL,489,Simulation,2020,2060,5,N,Ref,Ecolo_Central,RCP26,Y,Y,Y,N,489
490,EI_CUL,490,Simulation,2020,2060,5,N,Ref,Ecolo_Central,RCP26,Y,Y,Y,N,490
491,EI_CUL,491,Simulation,2020,2060,5,N,Ref,Ecolo_Central,RCP26,Y,Y,Y,N,491
492,EI_CUL,492,Simulation,2020,2060,5,N,Ref,Ecolo_Central,RCP26,Y,Y,Y,N,492
493,EI_CUL,493,Simulation,2020,2060,5,N,Ref,Ecolo_Central,RCP26,Y,Y,Y,N,493
494,EI_CUL,494,Simulation,2020,2060,5,N,Ref,Ecolo_Central,RCP26,Y,Y,Y,N,494
495,EI_CUL,495,Simulation,2020,2060,5,N,Ref,Ecolo_Central,RCP26,Y,Y,Y,N,495
496,EI_CUL,496,Simulation,2020,2060,5,N,Ref,Ecolo_Central,RCP26,Y,Y,Y,N,496
497,EI_CUL,497,Simulation,2020,2060,5,N,Ref,Ecolo_Central,RCP26,Y,Y,Y,N,497
498,EI_CUL,498,Simulation,2020,2060,5,N,Ref,Ecolo_Central,RCP26,Y,Y,Y,N,498
499,EI_CUL,499,Simulation,2020,2060,5,N,Ref,Ecolo_Central,RCP26,Y,Y,Y,N,499
500,EI_CUL,500,Simulation,2020,2060,5,N,Ref,Ecolo_Central,RCP26,Y,Y,Y,N,500
501,EI_CUL,501,Simulation,2020,2060,5,N,Ref,Ecolo_Central,RCP26,Y,Y,Y,N,501
502,EI_CUL,502,Simulation,2020,2060,5,N,Ref,Ecolo_Central,RCP26,Y,Y,Y,N,502
503,EI_CUL,503,Simulation,2020,2060,5,N,Ref,Ecolo_Central,RCP26,Y,Y,Y,N,503
504,EI_CUL,504,Simulation,2020,2060,5,N,Ref,Ecolo_Central,RCP26,Y,Y,Y,N,504
505,EI_CUL,505,Simulation,2020,2060,5,N,Ref,Ecolo_Central,RCP26,Y,Y,Y,N,505
506,EI_CUL,506,Simulation,2020,2060,5,N,Ref,Ecolo_Central,RCP26,Y,Y,Y,N,506
507,EI_CUL,507,Simulation,2020,2060,5,N,Ref,Ecolo_Central,RCP26,Y,Y,Y,N,507
508,EI_CUL,508,Simulation,2020,2060,5,N,Ref,Ecolo_Central,RCP26,Y,Y,Y,N,508
509,EI_CUL,509,Simulation,2020,2060,5,N,Ref,Ecolo_Central,RCP26,Y,Y,Y,N,509
510,EI_CUL,510,Simulation,2020,2060,5,N,Ref,Ecolo_Central,RCP26,Y,Y,Y,N,510
511,EI_CUL,511,Simulation,2020,2060,5,N,Ref,Ecolo_Central,RCP26,Y,Y,Y,N,511
512,EI_CUL,512,Simulation,2020,2060,5,N,Ref,Ecolo_Central,RCP26,Y,Y,Y,N,512
513,EI_CUL,513,Simulation,2020,2060,5,N,Ref,Ecolo_Central,RCP26,Y,Y,Y,N,513
514,EI_CUL,514,Simulation,2020,2060,5,N,Ref,Ecolo_Central,RCP26,Y,Y,Y,N,514
515,EI_CUL,515,Simulation,2020,2060,5,N,Ref,Ecolo_Central,RCP26,Y,Y,Y,N,515
516,EI_CUL,516,Simulation,2020,2060,5,N,Ref,Ecolo_Central,RCP26,Y,Y,Y,N,516
517,EI_CUL,517,Simulation,2020,2060,5,N,Ref,Ecolo_Central,RCP26,Y,Y,Y,N,517
518,EI_CUL,518,Simulation,2020,2060,5,N,Ref,Ecolo_Central,RCP26,Y,Y,Y,N,518
519,EI_CUL,519,Simulation,2020,2060,5,N,Ref,Ecolo_Central,RCP26,Y,Y,Y,N,519
520,EI_CUL,520,Simulation,2020,2060,5,N,Ref,Ecolo_Central,RCP26,Y,Y,Y,N,520
521,EI_CUL,521,Simulation,2020,2060,5,N,Ref,Ecolo_Central,RCP26,Y,Y,Y,N,521
522,EI_CUL,522,Simulation,2020,2060,5,N,Ref,Ecolo_Central,RCP26,Y,Y,Y,N,522
523,EI_CUL,523,Simulation,2020,2060,5,N,Ref,Ecolo_Central,RCP26,Y,Y,Y,N,523
524,EI_CUL,524,Simulation,2020,2060,5,N,Ref,Ecolo_Central,RCP26,Y,Y,Y,N,524
525,EI_CUL,525,Simulation,2020,2060,5,N,Ref,Ecolo_Central,RCP26,Y,Y,Y,N,525
526,EI_CUL,526,Simulation,2020,2060,5,N,Ref,Ecolo_Central,RCP26,Y,Y,Y,N,526
527,EI_CUL,527,Simulation,2020,2060,5,N,Ref,Ecolo_Central,RCP26,Y,Y,Y,N,527
528,EI_CUL,528,Simulation,2020,2060,5,N,Ref,Ecolo_Central,RCP26,Y,Y,Y,N,528
529,EI_CUL,529,Simulation,2020,2060,5,N,Ref,Ecolo_Central,RCP26,Y,Y,Y,N,529
530,EI_CUL,530,Simulation,2020,2060,5,N,Ref,Ecolo_Central,RCP26,Y,Y,Y,N,530
531,EI_CUL,531,Simulation,2020,2060,5,N,Ref,Ecolo_Central,RCP26,Y,Y,Y,N,531
532,EI_CUL,532,Simulation,2020,2060,5,N,Ref,Ecolo_Central,RCP26,Y,Y,Y,N,532
533,EI_CUL,533,Simulation,2020,2060,5,N,Ref,Ecolo_Central,RCP26,Y,Y,Y,N,533
534,EI_CUL,534,Simulation,2020,2060,5,N,Ref,Ecolo_Central,RCP26,Y,Y,Y,N,534
535,EI_CUL,535,Simulation,2020,2060,5,N,Ref,Ecolo_Central,RCP26,Y,Y,Y,N,535
536,EI_CUL,536,Simulation,2020,2060,5,N,Ref,Ecolo_Central,RCP26,Y,Y,Y,N,536
537,EI_CUL,537,Simulation,2020,2060,5,N,Ref,Ecolo_Central,RCP26,Y,Y,Y,N,537
538,EI_CUL,538,Simulation,2020,2060,5,N,Ref,Ecolo_Central,RCP26,Y,Y,Y,N,538
539,EI_CUL,539,Simulation,2020,2060,5,N,Ref,Ecolo_Central,RCP26,Y,Y,Y,N,539
540,EI_CUL,540,Simulation,2020,2060,5,N,Ref,Ecolo_Central,RCP26,Y,Y,Y,N,540
541,EI_CUL,541,Simulation,2020,2060,5,N,Ref,Ecolo_Central,RCP26,Y,Y,Y,N,541
542,EI_CUL,542,Simulation,2020,2060,5,N,Ref,Ecolo_Central,RCP26,Y,Y,Y,N,542
543,EI_CUL,543,Simulation,2020,2060,5,N,Ref,Ecolo_Central,RCP26,Y,Y,Y,N,543
544,EI_CUL,544,Simulation,2020,2060,5,N,Ref,Ecolo_Central,RCP26,Y,Y,Y,N,544
545,EI_CUL,545,Simulation,2020,2060,5,N,Ref,Ecolo_Central,RCP26,Y,Y,Y,N,545
546,EI_CUL,546,Simulation,2020,2060,5,N,Ref,Ecolo_Central,RCP26,Y,Y,Y,N,546
547,EI_CUL,547,Simulation,2020,2060,5,N,Ref,Ecolo_Central,RCP26,Y,Y,Y,N,547
548,EI_CUL,548,Simulation,2020,2060,5,N,Ref,Ecolo_Central,RCP26,Y,Y,Y,N,548
549,EI_CUL,549,Simulation,2020,2060,5,N,Ref,Ecolo_Central,RCP26,Y,Y,Y,N,549
550,EI_CUL,550,Simulation,2020,2060,5,N,Ref,Ecolo_Central,RCP26,Y,Y,Y,N,550
551,EI_CUL,551,Simulation,2020,2060,5,N,Ref,Ecolo_Central,RCP26,Y,Y,Y,N,551
552,EI_CUL,552,Simulation,2020,2060,5,N,Ref,Ecolo_Central,RCP26,Y,Y,Y,N,552
553,EI_CUL,553,Simulation,2020,2060,5,N,Ref,Ecolo_Central,RCP26,Y,Y,Y,N,553
554,EI_CUL,554,Simulation,2020,2060,5,N,Ref,Ecolo_Central,RCP26,Y,Y,Y,N,554
555,EI_CUL,555,Simulation,2020,2060,5,N,Ref,Ecolo_Central,RCP26,Y,Y,Y,N,555
556,EI_CUL,556,Simulation,2020,2060,5,N,Ref,Ecolo_Central,RCP26,Y,Y,Y,N,556
557,EI_CUL,557,Simulation,2020,2060,5,N,Ref,Ecolo_Central,RCP26,Y,Y,Y,N,557
558,EI_CUL,558,Simulation,2020,2060,5,N,Ref,Ecolo_Central,RCP26,Y,Y,Y,N,558
559,EI_CUL,559,Simulation,2020,2060,5,N,Ref,Ecolo_Central,RCP26,Y,Y,Y,N,559
560,EI_CUL,560,Simulation,2020,2060,5,N,Ref,Ecolo_Central,RCP26,Y,Y,Y,N,560
561,EI_CUL,561,Simulation,2020,2060,5,N,Ref,Ecolo_Central,RCP26,Y,Y,Y,N,561
562,EI_CUL,562,Simulation,2020,2060,5,N,Ref,Ecolo_Central,RCP26,Y,Y,Y,N,562
563,EI_CUL,563,Simulation,2020,2060,5,N,Ref,Ecolo_Central,RCP26,Y,Y,Y,N,563
564,EI_CUL,564,Simulation,2020,2060,5,N,Ref,Ecolo_Central,RCP26,Y,Y,Y,N,564
565,EI_CUL,565,Simulation,2020,2060,5,N,Ref,Ecolo_Central,RCP26,Y,Y,Y,N,565
566,EI_CUL,566,Simulation,2020,2060,5,N,Ref,Ecolo_Central,RCP26,Y,Y,Y,N,566
567,EI_CUL,567,Simulation,2020,2060,5,N,Ref,Ecolo_Central,RCP26,Y,Y,Y,N,567
568,EI_CUL,568,Simulation,2020,2060,5,N,Ref,Ecolo_Central,RCP26,Y,Y,Y,N,568
569,EI_CUL,569,Simulation,2020,2060,5,N,Ref,Ecolo_Central,RCP26,Y,Y,Y,N,569
570,EI_CUL,570,Simulation,2020,2060,5,N,Ref,Ecolo_Central,RCP26,Y,Y,Y,N,570
571,EI_CUL,571,Simulation,2020,2060,5,N,Ref,Ecolo_Central,RCP26,Y,Y,Y,N,571
572,EI_CUL,572,Simulation,2020,2060,5,N,Ref,Ecolo_Central,RCP26,Y,Y,Y,N,572
573,EI_CUL,573,Simulation,2020,2060,5,N,Ref,Ecolo_Central,RCP26,Y,Y,Y,N,573
574,EI_CUL,574,Simulation,2020,2060,5,N,Ref,Ecolo_Central,RCP26,Y,Y,Y,N,574
575,EI_CUL,575,Simulation,2020,2060,5,N,Ref,Ecolo_Central,RCP26,Y,Y,Y,N,575
576,EI_CUL,576,Simulation,2020,2060,5,N,Ref,Ecolo_Central,RCP26,Y,Y,Y,N,576
577,EI_CUL,577,Simulation,2020,2060,5,N,Ref,Ecolo_Central,RCP26,Y,Y,Y,N,577
578,EI_CUL,578,Simulation,2020,2060,5,N,Ref,Ecolo_Central,RCP26,Y,Y,Y,N,578
579,EI_CUL,579,Simulation,2020,2060,5,N,Ref,Ecolo_Central,RCP26,Y,Y,Y,N,579
580,EI_CUL,580,Simulation,2020,2060,5,N,Ref,Ecolo_Central,RCP26,Y,Y,Y,N,580
581,EI_CUL,581,Simulation,2020,2060,5,N,Ref,Ecolo_Central,RCP26,Y,Y,Y,N,581
582,EI_CUL,582,Simulation,2020,2060,5,N,Ref,Ecolo_Central,RCP26,Y,Y,Y,N,582
583,EI_CUL,583,Simulation,2020,2060,5,N,Ref,Ecolo_Central,RCP26,Y,Y,Y,N,583
584,EI_CUL,584,Simulation,2020,2060,5,N,Ref,Ecolo_Central,RCP26,Y,Y,Y,N,584
585,EI_CUL,585,Simulation,2020,2060,5,N,Ref,Ecolo_Central,RCP26,Y,Y,Y,N,585
586,EI_CUL,586,Simulation,2020,2060,5,N,Ref,Ecolo_Central,RCP26,Y,Y,Y,N,586
587,EI_CUL,587,Simulation,2020,2060,5,N,Ref,Ecolo_Central,RCP26,Y,Y,Y,N,587
588,EI_CUL,588,Simulation,2020,2060,5,N,Ref,Ecolo_Central,RCP26,Y,Y,Y,N,588
589,EI_CUL,589,Simulation,2020,2060,5,N,Ref,Ecolo_Central,RCP26,Y,Y,Y,N,589
590,EI_CUL,590,Simulation,2020,2060,5,N,Ref,Ecolo_Central,RCP26,Y,Y,Y,N,590
591,EI_CUL,591,Simulation,2020,2060,5,N,Ref,Ecolo_Central,RCP26,Y,Y,Y,N,591
592,EI_CUL,592,Simulation,2020,2060,5,N,Ref,Ecolo_Central,RCP26,Y,Y,Y,N,592
593,EI_CUL,593,Simulation,2020,2060,5,N,Ref,Ecolo_Central,RCP26,Y,Y,Y,N,593
594,EI_CUL,594,Simulation,2020,2060,5,N,Ref,Ecolo_Central,RCP26,Y,Y,Y,N,594
595,EI_CUL,595,Simulation,2020,2060,5,N,Ref,Ecolo_Central,RCP26,Y,Y,Y,N,595
596,EI_CUL,596,Simulation,2020,2060,5,N,Ref,Ecolo_Central,RCP26,Y,Y,Y,N,596
597,EI_CUL,597,Simulation,2020,2060,5,N,Ref,Ecolo_Central,RCP26,Y,Y,Y,N,597
598,EI_CUL,598,Simulation,2020,2060,5,N,Ref,Ecolo_Central,RCP26,Y,Y,Y,N,598
599,EI_CUL,599,Simulation,2020,2060,5,N,Ref,Ecolo_Central,RCP26,Y,Y,Y,N,599
600,EI_CUL,600,Simulation,2020,2060,5,N,Ref,Ecolo_Central,RCP26,Y,Y,Y,N,600
601,EI_CUL,601,Simulation,2020,2060,5,N,Ref,Ecolo_Central,RCP26,Y,Y,Y,N,601
602,EI_CUL,602,Simulation,2020,2060,5,N,Ref,Ecolo_Central,RCP26,Y,Y,Y,N,602
603,EI_CUL,603,Simulation,2020,2060,5,N,Ref,Ecolo_Central,RCP26,Y,Y,Y,N,603
604,EI_CUL,604,Simulation,2020,2060,5,N,Ref,Ecolo_Central,RCP26,Y,Y,Y,N,604
605,EI_CUL,605,Simulation,2020,2060,5,N,Ref,Ecolo_Central,RCP26,Y,Y,Y,N,605
606,EI_CUL,606,Simulation,2020,2060,5,N,Ref,Ecolo_Central,RCP26,Y,Y,Y,N,606
607,EI_CUL,607,Simulation,2020,2060,5,N,Ref,Ecolo_Central,RCP26,Y,Y,Y,N,607
608,EI_CUL,608,Simulation,2020,2060,5,N,Ref,Ecolo_Central,RCP26,Y,Y,Y,N,608
609,EI_CUL,609,Simulation,2020,2060,5,N,Ref,Ecolo_Central,RCP26,Y,Y,Y,N,609
610,EI_CUL,610,Simulation,2020,2060,5,N,Ref,Ecolo_Central,RCP26,Y,Y,Y,N,610
611,EI_CUL,611,Simulation,2020,2060,5,N,Ref,Ecolo_Central,RCP26,Y,Y,Y,N,611
612,EI_CUL,612,Simulation,2020,2060,5,N,Ref,Ecolo_Central,RCP26,Y,Y,Y,N,612
613,EI_CUL,613,Simulation,2020,2060,5,N,Ref,Ecolo_Central,RCP26,Y,Y,Y,N,613
614,EI_CUL,614,Simulation,2020,2060,5,N,Ref,Ecolo_Central,RCP26,Y,Y,Y,N,614
615,EI_CUL,615,Simulation,2020,2060,5,N,Ref,Ecolo_Central,RCP26,Y,Y,Y,N,615
616,EI_CUL,616,Simulation,2020,2060,5,N,Ref,Ecolo_Central,RCP26,Y,Y,Y,N,616
617,EI_CUL,617,Simulation,2020,2060,5,N,Ref,Ecolo_Central,RCP26,Y,Y,Y,N,617
618,EI_CUL,618,Simulation,2020,2060,5,N,Ref,Ecolo_Central,RCP26,Y,Y,Y,N,618
619,EI_CUL,619,Simulation,2020,2060,5,N,Ref,Ecolo_Central,RCP26,Y,Y,Y,N,619
620,EI_CUL,620,Simulation,2020,2060,5,N,Ref,Ecolo_Central,RCP26,Y,Y,Y,N,620
621,EI_CUL,621,Simulation,2020,2060,5,N,Ref,Ecolo_Central,RCP26,Y,Y,Y,N,621
622,EI_CUL,622,Simulation,2020,2060,5,N,Ref,Ecolo_Central,RCP26,Y,Y,Y,N,622
623,EI_CUL,623,Simulation,2020,2060,5,N,Ref,Ecolo_Central,RCP26,Y,Y,Y,N,623
624,EI_CUL,624,Simulation,2020,2060,5,N,Ref,Ecolo_Central,RCP26,Y,Y,Y,N,624
625,EI_CUL,625,Simulation,2020,2060,5,N,Ref,Ecolo_Central,RCP26,Y,Y,Y,N,625
626,EI_CUL,626,Simulation,2020,2060,5,N,Ref,Ecolo_Central,RCP26,Y,Y,Y,N,626
627,EI_CUL,627,Simulation,2020,2060,5,N,Ref,Ecolo_Central,RCP26,Y,Y,Y,N,627
628,EI_CUL,628,Simulation,2020,2060,5,N,Ref,Ecolo_Central,RCP26,Y,Y,Y,N,628
629,EI_CUL,629,Simulation,2020,2060,5,N,Ref,Ecolo_Central,RCP26,Y,Y,Y,N,629
630,EI_CUL,630,Simulation,2020,2060,5,N,Ref,Ecolo_Central,RCP26,Y,Y,Y,N,630
631,EI_CUL,631,Simulation,2020,2060,5,N,Ref,Ecolo_Central,RCP26,Y,Y,Y,N,631
632,EI_CUL,632,Simulation,2020,2060,5,N,Ref,Ecolo_Central,RCP26,Y,Y,Y,N,632
633,EI_CUL,633,Simulation,2020,2060,5,N,Ref,Ecolo_Central,RCP26,Y,Y,Y,N,633
634,EI_CUL,634,Simulation,2020,2060,5,N,Ref,Ecolo_Central,RCP26,Y,Y,Y,N,634
635,EI_CUL,635,Simulation,2020,2060,5,N,Ref,Ecolo_Central,RCP26,Y,Y,Y,N,635
636,EI_CUL,636,Simulation,2020,2060,5,N,Ref,Ecolo_Central,RCP26,Y,Y,Y,N,636
637,EI_CUL,637,Simulation,2020,2060,5,N,Ref,Ecolo_Central,RCP26,Y,Y,Y,N,637
638,EI_CUL,638,Simulation,2020,2060,5,N,Ref,Ecolo_Central,RCP26,Y,Y,Y,N,638
639,EI_CUL,639,Simulation,2020,2060,5,N,Ref,Ecolo_Central,RCP26,Y,Y,Y,N,639
640,EI_CUL,640,Simulation,2020,2060,5,N,Ref,Ecolo_Central,RCP26,Y,Y,Y,N,640
641,EI_CUL,641,Simulation,2020,2060,5,N,Ref,Ecolo_Central,RCP26,Y,Y,Y,N,641
642,EI_CUL,642,Simulation,2020,2060,5,N,Ref,Ecolo_Central,RCP26,Y,Y,Y,N,642
643,EI_CUL,643,Simulation,2020,2060,5,N,Ref,Ecolo_Central,RCP26,Y,Y,Y,N,643
644,EI_CUL,644,Simulation,2020,2060,5,N,Ref,Ecolo_Central,RCP26,Y,Y,Y,N,644
645,EI_CUL,645,Simulation,2020,2060,5,N,Ref,Ecolo_Central,RCP26,Y,Y,Y,N,645
646,EI_CUL,646,Simulation,2020,2060,5,N,Ref,Ecolo_Central,RCP26,Y,Y,Y,N,646
647,EI_CUL,647,Simulation,2020,2060,5,N,Ref,Ecolo_Central,RCP26,Y,Y,Y,N,647
648,EI_CUL,648,Simulation,2020,2060,5,N,Ref,Ecolo_Central,RCP26,Y,Y,Y,N,648
649,EI_SOC,649,Simulation,2020,2060,5,N,Ref,Combined_Urban,RCP45,Y,Y,Y,N,649
650,EI_SOC,650,Simulation,2020,2060,5,N,Ref,Combined_Urban,RCP45,Y,Y,Y,N,650
651,EI_SOC,651,Simulation,2020,2060,5,N,Ref,Combined_Urban,RCP45,Y,Y,Y,N,651
652,EI_SOC,652,Simulation,2020,2060,5,N,Ref,Combined_Urban,RCP45,Y,Y,Y,N,652
653,EI_SOC,653,Simulation,2020,2060,5,N,Ref,Combined_Urban,RCP45,Y,Y,Y,N,653
654,EI_SOC,654,Simulation,2020,2060,5,N,Ref,Combined_Urban,RCP45,Y,Y,Y,N,654
655,EI_SOC,655,Simulation,2020,2060,5,N,Ref,Combined_Urban,RCP45,Y,Y,Y,N,655
656,EI_SOC,656,Simulation,2020,2060,5,N,Ref,Combined_Urban,RCP45,Y,Y,Y,N,656
657,EI_SOC,657,Simulation,2020,2060,5,N,Ref,Combined_Urban,RCP45,Y,Y,Y,N,657
658,EI_SOC,658,Simulation,2020,2060,5,N,Ref,Combined_Urban,RCP45,Y,Y,Y,N,658
659,EI_SOC,659,Simulation,2020,2060,5,N,Ref,Combined_Urban,RCP45,Y,Y,Y,N,659
660,EI_SOC,660,Simulation,2020,2060,5,N,Ref,Combined_Urban,RCP45,Y,Y,Y,N,660
661,EI_SOC,661,Simulation,2020,2060,5,N,Ref,Combined_Urban,RCP45,Y,Y,Y,N,661
662,EI_SOC,662,Simulation,2020,2060,5,N,Ref,Combined_Urban,RCP45,Y,Y,Y,N,662
663,EI_SOC,663,Simulation,2020,2060,5,N,Ref,Combined_Urban,RCP45,Y,Y,Y,N,663
664,EI_SOC,664,Simulation,2020,2060,5,N,Ref,Combined_Urban,RCP45,Y,Y,Y,N,664
665,EI_SOC,665,Simulation,2020,2060,5,N,Ref,Combined_Urban,RCP45,Y,Y,Y,N,665
666,EI_SOC,666,Simulation,2020,2060,5,N,Ref,Combined_Urban,RCP45,Y,Y,Y,N,666
667,EI_SOC,667,Simulation,2020,2060,5,N,Ref,Combined_Urban,RCP45,Y,Y,Y,N,667
668,EI_SOC,668,Simulation,2020,2060,5,N,Ref,Combined_Urban,RCP45,Y,Y,Y,N,668
669,EI_SOC,669,Simulation,2020,2060,5,N,Ref,Combined_Urban,RCP45,Y,Y,Y,N,669
670,EI_SOC,670,Simulation,2020,2060,5,N,Ref,Combined_Urban,RCP45,Y,Y,Y,N,670
671,EI_SOC,671,Simulation,2020,2060,5,N,Ref,Combined_Urban,RCP45,Y,Y,Y,N,671
672,EI_SOC,672,Simulation,2020,2060,5,N,Ref,Combined_Urban,RCP45,Y,Y,Y,N,672
673,EI_SOC,673,Simulation,2020,2060,5,N,Ref,Combined_Urban,RCP45,Y,Y,Y,N,673
674,EI_SOC,674,Simulation,2020,2060,5,N,Ref,Combined_Urban,RCP45,Y,Y,Y,N,674
675,EI_SOC,675,Simulation,2020,2060,5,N,Ref,Combined_Urban,RCP45,Y,Y,Y,N,675
676,EI_SOC,676,Simulation,2020,2060,5,N,Ref,Combined_Urban,RCP45,Y,Y,Y,N,676
677,EI_SOC,677,Simulation,2020,2060,5,N,Ref,Combined_Urban,RCP45,Y,Y,Y,N,677
678,EI_SOC,678,Simulation,2020,2060,5,N,Ref,Combined_Urban,RCP45,Y,Y,Y,N,678
679,EI_SOC,679,Simulation,2020,2060,5,N,Ref,Combined_Urban,RCP45,Y,Y,Y,N,679
680,EI_SOC,680,Simulation,2020,2060,5,N,Ref,Combined_Urban,RCP45,Y,Y,Y,N,680
681,EI_SOC,681,Simulation,2020,2060,5,N,Ref,Combined_Urban,RCP45,Y,Y,Y,N,681
682,EI_SOC,682,Simulation,2020,2060,5,N,Ref,Combined_Urban,RCP45,Y,Y,Y,N,682
683,EI_SOC,683,Simulation,2020,2060,5,N,Ref,Combined_Urban,RCP45,Y,Y,Y,N,683
684,EI_SOC,684,Simulation,2020,2060,5,N,Ref,Combined_Urban,RCP45,Y,Y,Y,N,684
685,EI_SOC,685,Simulation,2020,2060,5,N,Ref,Combined_Urban,RCP45,Y,Y,Y,N,685
686,EI_SOC,686,Simulation,2020,2060,5,N,Ref,Combined_Urban,RCP45,Y,Y,Y,N,686
687,EI_SOC,687,Simulation,2020,2060,5,N,Ref,Combined_Urban,RCP45,Y,Y,Y,N,687
688,EI_SOC,688,Simulation,2020,2060,5,N,Ref,Combined_Urban,RCP45,Y,Y,Y,N,688
689,EI_SOC,689,Simulation,2020,2060,5,N,Ref,Combined_Urban,RCP45,Y,Y,Y,N,689
690,EI_SOC,690,Simulation,2020,2060,5,N,Ref,Combined_Urban,RCP45,Y,Y,Y,N,690
691,EI_SOC,691,Simulation,2020,2060,5,N,Ref,Combined_Urban,RCP45,Y,Y,Y,N,691
692,EI_SOC,692,Simulation,2020,2060,5,N,Ref,Combined_Urban,RCP45,Y,Y,Y,N,692
693,EI_SOC,693,Simulation,2020,2060,5,N,Ref,Combined_Urban,RCP45,Y,Y,Y,N,693
694,EI_SOC,694,Simulation,2020,2060,5,N,Ref,Combined_Urban,RCP45,Y,Y,Y,N,694
695,EI_SOC,695,Simulation,2020,2060,5,N,Ref,Combined_Urban,RCP45,Y,Y,Y,N,695
696,EI_SOC,696,Simulation,2020,2060,5,N,Ref,Combined_Urban,RCP45,Y,Y,Y,N,696
697,EI_SOC,697,Simulation,2020,2060,5,N,Ref,Combined_Urban,RCP45,Y,Y,Y,N,697
698,EI_SOC,698,Simulation,2020,2060,5,N,Ref,Combined_Urban,RCP45,Y,Y,Y,N,698
699,EI_SOC,699,Simulation,2020,2060,5,N,Ref,Combined_Urban,RCP45,Y,Y,Y,N,699
700,EI_SOC,700,Simulation,2020,2060,5,N,Ref,Combined_Urban,RCP45,Y,Y,Y,N,700
701,EI_SOC,701,Simulation,2020,2060,5,N,Ref,Combined_Urban,RCP45,Y,Y,Y,N,701
702,EI_SOC,702,Simulation,2020,2060,5,N,Ref,Combined_Urban,RCP45,Y,Y,Y,N,702
703,EI_SOC,703,Simulation,2020,2060,5,N,Ref,Combined_Urban,RCP45,Y,Y,Y,N,703
704,EI_SOC,704,Simulation,2020,2060,5,N,Ref,Combined_Urban,RCP45,Y,Y,Y,N,704
705,EI_SOC,705,Simulation,2020,2060,5,N,Ref,Combined_Urban,RCP45,Y,Y,Y,N,705
706,EI_SOC,706,Simulation,2020,2060,5,N,Ref,Combined_Urban,RCP45,Y,Y,Y,N,706
707,EI_SOC,707,Simulation,2020,2060,5,N,Ref,Combined_Urban,RCP45,Y,Y,Y,N,707
708,EI_SOC,708,Simulation,2020,2060,5,N,Ref,Combined_Urban,RCP45,Y,Y,Y,N,708
709,EI_SOC,709,Simulation,2020,2060,5,N,Ref,Combined_Urban,RCP45,Y,Y,Y,N,709
710,EI_SOC,710,Simulation,2020,2060,5,N,Ref,Combined_Urban,RCP45,Y,Y,Y,N,710
711,EI_SOC,711,Simulation,2020,2060,5,N,Ref,Combined_Urban,RCP45,Y,Y,Y,N,711
712,EI_SOC,712,Simulation,2020,2060,5,N,Ref,Combined_Urban,RCP45,Y,Y,Y,N,712
713,EI_SOC,713,Simulation,2020,2060,5,N,Ref,Combined_Urban,RCP45,Y,Y,Y,N,713
714,EI_SOC,714,Simulation,2020,2060,5,N,Ref,Combined_Urban,RCP45,Y,Y,Y,N,714
715,EI_SOC,715,Simulation,2020,2060,5,N,Ref,Combined_Urban,RCP45,Y,Y,Y,N,715
716,EI_SOC,716,Simulation,2020,2060,5,N,Ref,Combined_Urban,RCP45,Y,Y,Y,N,716
717,EI_SOC,717,Simulation,2020,2060,5,N,Ref,Combined_Urban,RCP45,Y,Y,Y,N,717
718,EI_SOC,718,Simulation,2020,2060,5,N,Ref,Combined_Urban,RCP45,Y,Y,Y,N,718
719,EI_SOC,719,Simulation,2020,2060,5,N,Ref,Combined_Urban,RCP45,Y,Y,Y,N,719
720,EI_SOC,720,Simulation,2020,2060,5,N,Ref,Combined_Urban,RCP45,Y,Y,Y,N,720
721,EI_SOC,721,Simulation,2020,2060,5,N,Ref,Combined_Urban,RCP45,Y,Y,Y,N,721
722,EI_SOC,722,Simulation,2020,2060,5,N,Ref,Combined_Urban,RCP45,Y,Y,Y,N,722
723,EI_SOC,723,Simulation,2020,2060,5,N,Ref,Combined_Urban,RCP45,Y,Y,Y,N,723
724,EI_SOC,724,Simulation,2020,2060,5,N,Ref,Combined_Urban,RCP45,Y,Y,Y,N,724
725,EI_SOC,725,Simulation,2020,2060,5,N,Ref,Combined_Urban,RCP45,Y,Y,Y,N,725
726,EI_SOC,726,Simulation,2020,2060,5,N,Ref,Combined_Urban,RCP45,Y,Y,Y,N,726
727,EI_SOC,727,Simulation,2020,2060,5,N,Ref,Combined_Urban,RCP45,Y,Y,Y,N,727
728,EI_SOC,728,Simulation,2020,2060,5,N,Ref,Combined_Urban,RCP45,Y,Y,Y,N,728
729,EI_SOC,729,Simulation,2020,2060,5,N,Ref,Combined_Urban,RCP45,Y,Y,Y,N,729
730,EI_SOC,730,Simulation,2020,2060,5,N,Ref,Combined_Urban,RCP45,Y,Y,Y,N,730
731,EI_SOC,731,Simulation,2020,2060,5,N,Ref,Combined_Urban,RCP45,Y,Y,Y,N,731
732,EI_SOC,732,Simulation,2020,2060,5,N,Ref,Combined_Urban,RCP45,Y,Y,Y,N,732
733,EI_SOC,733,Simulation,2020,2060,5,N,Ref,Combined_Urban,RCP45,Y,Y,Y,N,733
734,EI_SOC,734,Simulation,2020,2060,5,N,Ref,Combined_Urban,RCP45,Y,Y,Y,N,734
735,EI_SOC,735,Simulation,2020,2060,5,N,Ref,Combined_Urban,RCP45,Y,Y,Y,N,735
736,EI_SOC,736,Simulation,2020,2060,5,N,Ref,Combined_Urban,RCP45,Y,Y,Y,N,736
737,EI_SOC,737,Simulation,2020,2060,5,N,Ref,Combined_Urban,RCP45,Y,Y,Y,N,737
738,EI_SOC,738,Simulation,2020,2060,5,N,Ref,Combined_Urban,RCP45,Y,Y,Y,N,738
739,EI_SOC,739,Simulation,2020,2060,5,N,Ref,Combined_Urban,RCP45,Y,Y,Y,N,739
740,EI_SOC,740,Simulation,2020,2060,5,N,Ref,Combined_Urban,RCP45,Y,Y,Y,N,740
741,EI_SOC,741,Simulation,2020,2060,5,N,Ref,Combined_Urban,RCP45,Y,Y,Y,N,741
742,EI_SOC,742,Simulation,2020,2060,5,N,Ref,Combined_Urban,RCP45,Y,Y,Y,N,742
743,EI_SOC,743,Simulation,2020,2060,5,N,Ref,Combined_Urban,RCP45,Y,Y,Y,N,743
744,EI_SOC,744,Simulation,2020,2060,5,N,Ref,Combined_Urban,RCP45,Y,Y,Y,N,744
745,EI_SOC,745,Simulation,2020,2060,5,N,Ref,Combined_Urban,RCP45,Y,Y,Y,N,745
746,EI_SOC,746,Simulation,2020,2060,5,N,Ref,Combined_Urban,RCP45,Y,Y,Y,N,746
747,EI_SOC,747,Simulation,2020,2060,5,N,Ref,Combined_Urban,RCP45,Y,Y,Y,N,747
748,EI_SOC,748,Simulation,2020,2060,5,N,Ref,Combined_Urban,RCP45,Y,Y,Y,N,748
749,EI_SOC,749,Simulation,2020,2060,5,N,Ref,Combined_Urban,RCP45,Y,Y,Y,N,749
750,EI_SOC,750,Simulation,2020,2060,5,N,Ref,Combined_Urban,RCP45,Y,Y,Y,N,750
751,EI_SOC,751,Simulation,2020,2060,5,N,Ref,Combined_Urban,RCP45,Y,Y,Y,N,751
752,EI_SOC,752,Simulation,2020,2060,5,N,Ref,Combined_Urban,RCP45,Y,Y,Y,N,752
753,EI_SOC,753,Simulation,2020,2060,5,N,Ref,Combined_Urban,RCP45,Y,Y,Y,N,753
754,EI_SOC,754,Simulation,2020,2060,5,N,Ref,Combined_Urban,RCP45,Y,Y,Y,N,754
755,EI_SOC,755,Simulation,2020,2060,5,N,Ref,Combined_Urban,RCP45,Y,Y,Y,N,755
756,EI_SOC,756,Simulation,2020,2060,5,N,Ref,Combined_Urban,RCP45,Y,Y,Y,N,756
757,EI_SOC,757,Simulation,2020,2060,5,N,Ref,Combined_Urban,RCP45,Y,Y,Y,N,757
758,EI_SOC,758,Simulation,2020,2060,5,N,Ref,Combined_Urban,RCP45,Y,Y,Y,N,758
759,EI_SOC,759,Simulation,2020,2060,5,N,Ref,Combined_Urban,RCP45,Y,Y,Y,N,759
760,EI_SOC,760,Simulation,2020,2060,5,N,Ref,Combined_Urban,RCP45,Y,Y,Y,N,760
761,EI_SOC,761,Simulation,2020,2060,5,N,Ref,Combined_Urban,RCP45,Y,Y,Y,N,761
762,EI_SOC,762,Simulation,2020,2060,5,N,Ref,Combined_Urban,RCP45,Y,Y,Y,N,762
763,EI_SOC,763,Simulation,2020,2060,5,N,Ref,Combined_Urban,RCP45,Y,Y,Y,N,763
764,EI_SOC,764,Simulation,2020,2060,5,N,Ref,Combined_Urban,RCP45,Y,Y,Y,N,764
765,EI_SOC,765,Simulation,2020,2060,5,N,Ref,Combined_Urban,RCP45,Y,Y,Y,N,765
766,EI_SOC,766,Simulation,2020,2060,5,N,Ref,Combined_Urban,RCP45,Y,Y,Y,N,766
767,EI_SOC,767,Simulation,2020,2060,5,N,Ref,Combined_Urban,RCP45,Y,Y,Y,N,767
768,EI_SOC,768,Simulation,2020,2060,5,N,Ref,Combined_Urban,RCP45,Y,Y,Y,N,768
769,EI_SOC,769,Simulation,2020,2060,5,N,Ref,Combined_Urban,RCP45,Y,Y,Y,N,769
770,EI_SOC,770,Simulation,2020,2060,5,N,Ref,Combined_Urban,RCP45,Y,Y,Y,N,770
771,EI_SOC,771,Simulation,2020,2060,5,N,Ref,Combined_Urban,RCP45,Y,Y,Y,N,771
772,EI_SOC,772,Simulation,2020,2060,5,N,Ref,Combined_Urban,RCP45,Y,Y,Y,N,772
773,EI_SOC,773,Simulation,2020,2060,5,N,Ref,Combined_Urban,RCP45,Y,Y,Y,N,773
774,EI_SOC,774,Simulation,2020,2060,5,N,Ref,Combined_Urban,RCP45,Y,Y,Y,N,774
775,EI_SOC,775,Simulation,2020,2060,5,N,Ref,Combined_Urban,RCP45,Y,Y,Y,N,775
776,EI_SOC,776,Simulation,2020,2060,5,N,Ref,Combined_Urban,RCP45,Y,Y,Y,N,776
777,EI_SOC,777,Simulation,2020,2060,5,N,Ref,Combined_Urban,RCP45,Y,Y,Y,N,777
778,EI_SOC,778,Simulation,2020,2060,5,N,Ref,Combined_Urban,RCP45,Y,Y,Y,N,778
779,EI_SOC,779,Simulation,2020,2060,5,N,Ref,Combined_Urban,RCP45,Y,Y,Y,N,779
780,EI_SOC,780,Simulation,2020,2060,5,N,Ref,Combined_Urban,RCP45,Y,Y,Y,N,780
781,EI_SOC,781,Simulation,2020,2060,5,N,Ref,Combined_Urban,RCP45,Y,Y,Y,N,781
782,EI_SOC,782,Simulation,2020,2060,5,N,Ref,Combined_Urban,RCP45,Y,Y,Y,N,782
783,EI_SOC,783,Simulation,2020,2060,5,N,Ref,Combined_Urban,RCP45,Y,Y,Y,N,783
784,EI_SOC,784,Simulation,2020,2060,5,N,Ref,Combined_Urban,RCP45,Y,Y,Y,N,784
785,EI_SOC,785,Simulation,2020,2060,5,N,Ref,Combined_Urban,RCP45,Y,Y,Y,N,785
786,EI_SOC,786,Simulation,2020,2060,5,N,Ref,Combined_Urban,RCP45,Y,Y,Y,N,786
787,EI_SOC,787,Simulation,2020,2060,5,N,Ref,Combined_Urban,RCP45,Y,Y,Y,N,787
788,EI_SOC,788,Simulation,2020,2060,5,N,Ref,Combined_Urban,RCP45,Y,Y,Y,N,788
789,EI_SOC,789,Simulation,2020,2060,5,N,Ref,Combined_Urban,RCP45,Y,Y,Y,N,789
790,EI_SOC,790,Simulation,2020,2060,5,N,Ref,Combined_Urban,RCP45,Y,Y,Y,N,790
791,EI_SOC,791,Simulation,2020,2060,5,N,Ref,Combined_Urban,RCP45,Y,Y,Y,N,791
792,EI_SOC,792,Simulation,2020,2060,5,N,Ref,Combined_Urban,RCP45,Y,Y,Y,N,792
793,EI_SOC,793,Simulation,2020,2060,5,N,Ref,Combined_Urban,RCP45,Y,Y,Y,N,793
794,EI_SOC,794,Simulation,2020,2060,5,N,Ref,Combined_Urban,RCP45,Y,Y,Y,N,794
795,EI_SOC,795,Simulation,2020,2060,5,N,Ref,Combined_Urban,RCP45,Y,Y,Y,N,795
796,EI_SOC,796,Simulation,2020,2060,5,N,Ref,Combined_Urban,RCP45,Y,Y,Y,N,796
797,EI_SOC,797,Simulation,2020,2060,5,N,Ref,Combined_Urban,RCP45,Y,Y,Y,N,797
798,EI_SOC,798,Simulation,2020,2060,5,N,Ref,Combined_Urban,RCP45,Y,Y,Y,N,798
799,EI_SOC,799,Simulation,2020,2060,5,N,Ref,Combined_Urban,RCP45,Y,Y,Y,N,799
800,EI_SOC,800,Simulation,2020,2060,5,N,Ref,Combined_Urban,RCP45,Y,Y,Y,N,800
801,EI_SOC,801,Simulation,2020,2060,5,N,Ref,Combined_Urban,RCP45,Y,Y,Y,N,801
802,EI_SOC,802,Simulation,2020,2060,5,N,Ref,Combined_Urban,RCP45,Y,Y,Y,N,802
803,EI_SOC,803,Simulation,2020,2060,5,N,Ref,Combined_Urban,RCP45,Y,Y,Y,N,803
804,EI_SOC,804,Simulation,2020,2060,5,N,Ref,Combined_Urban,RCP45,Y,Y,Y,N,804
805,EI_SOC,805,Simulation,2020,2060,5,N,Ref,Combined_Urban,RCP45,Y,Y,Y,N,805
806,EI_SOC,806,Simulation,2020,2060,5,N,Ref,Combined_Urban,RCP45,Y,Y,Y,N,806
807,EI_SOC,807,Simulation,2020,2060,5,N,Ref,Combined_Urban,RCP45,Y,Y,Y,N,807
808,EI_SOC,808,Simulation,2020,2060,5,N,Ref,Combined_Urban,RCP45,Y,Y,Y,N,808
809,EI_SOC,809,Simulation,2020,2060,5,N,Ref,Combined_Urban,RCP45,Y,Y,Y,N,809
810,EI_SOC,810,Simulation,2020,2060,5,N,Ref,Combined_Urban,RCP45,Y,Y,Y,N,810
811,EI_SOC,811,Simulation,2020,2060,5,N,Ref,Combined_Urban,RCP45,Y,Y,Y,N,811
812,EI_SOC,812,Simulation,2020,2060,5,N,Ref,Combined_Urban,RCP45,Y,Y,Y,N,812
813,EI_SOC,813,Simulation,2020,2060,5,N,Ref,Combined_Urban,RCP45,Y,Y,Y,N,813
814,EI_SOC,814,Simulation,2020,2060,5,N,Ref,Combined_Urban,RCP45,Y,Y,Y,N,814
815,EI_SOC,815,Simulation,2020,2060,5,N,Ref,Combined_Urban,RCP45,Y,Y,Y,N,815
816,EI_SOC,816,Simulation,2020,2060,5,N,Ref,Combined_Urban,RCP45,Y,Y,Y,N,816
817,EI_SOC,817,Simulation,2020,2060,5,N,Ref,Combined_Urban,RCP45,Y,Y,Y,N,817
818,EI_SOC,818,Simulation,2020,2060,5,N,Ref,Combined_Urban,RCP45,Y,Y,Y,N,818
819,EI_SOC,819,Simulation,2020,2060,5,N,Ref,Combined_Urban,RCP45,Y,Y,Y,N,819
820,EI_SOC,820,Simulation,2020,2060,5,N,Ref,Combined_Urban,RCP45,Y,Y,Y,N,820
821,EI_SOC,821,Simulation,2020,2060,5,N,Ref,Combined_Urban,RCP45,Y,Y,Y,N,821
822,EI_SOC,822,Simulation,2020,2060,5,N,Ref,Combined_Urban,RCP45,Y,Y,Y,N,822
823,EI_SOC,823,Simulation,2020,2060,5,N,Ref,Combined_Urban,RCP45,Y,Y,Y,N,823
824,EI_SOC,824,Simulation,2020,2060,5,N,Ref,Combined_Urban,RCP45,Y,Y,Y,N,824
825,EI_SOC,825,Simulation,2020,2060,5,N,Ref,Combined_Urban,RCP45,Y,Y,Y,N,825
826,EI_SOC,826,Simulation,2020,2060,5,N,Ref,Combined_Urban,RCP45,Y,Y,Y,N,826
827,EI_SOC,827,Simulation,2020,2060,5,N,Ref,Combined_Urban,RCP45,Y,Y,Y,N,827
828,EI_SOC,828,Simulation,2020,2060,5,N,Ref,Combined_Urban,RCP45,Y,Y,Y,N,828
829,EI_SOC,829,Simulation,2020,2060,5,N,Ref,Combined_Urban,RCP45,Y,Y,Y,N,829
830,EI_SOC,830,Simulation,2020,2060,5,N,Ref,Combined_Urban,RCP45,Y,Y,Y,N,830
831,EI_SOC,831,Simulation,2020,2060,5,N,Ref,Combined_Urban,RCP45,Y,Y,Y,N,831
832,EI_SOC,832,Simulation,2020,2060,5,N,Ref,Combined_Urban,RCP45,Y,Y,Y,N,832
833,EI_SOC,833,Simulation,2020,2060,5,N,Ref,Combined_Urban,RCP45,Y,Y,Y,N,833
834,EI_SOC,834,Simulation,2020,2060,5,N,Ref,Combined_Urban,RCP45,Y,Y,Y,N,834
835,EI_SOC,835,Simulation,2020,2060,5,N,Ref,Combined_Urban,RCP45,Y,Y,Y,N,835
836,EI_SOC,836,Simulation,2020,2060,5,N,Ref,Combined_Urban,RCP45,Y,Y,Y,N,836
837,EI_SOC,837,Simulation,2020,2060,5,N,Ref,Combined_Urban,RCP45,Y,Y,Y,N,837
838,EI_SOC,838,Simulation,2020,2060,5,N,Ref,Combined_Urban,RCP45,Y,Y,Y,N,838
839,EI_SOC,839,Simulation,2020,2060,5,N,Ref,Combined_Urban,RCP45,Y,Y,Y,N,839
840,EI_SOC,840,Simulation,2020,2060,5,N,Ref,Combined_Urban,RCP45,Y,Y,Y,N,840
841,EI_SOC,841,Simulation,2020,2060,5,N,Ref,Combined_Urban,RCP45,Y,Y,Y,N,841
842,EI_SOC,842,Simulation,2020,2060,5,N,Ref,Combined_Urban,RCP45,Y,Y,Y,N,842
843,EI_SOC,843,Simulation,2020,2060,5,N,Ref,Combined_Urban,RCP45,Y,Y,Y,N,843
844,EI_SOC,844,Simulation,2020,2060,5,N,Ref,Combined_Urban,RCP45,Y,Y,Y,N,844
845,EI_SOC,845,Simulation,2020,2060,5,N,Ref,Combined_Urban,RCP45,Y,Y,Y,N,845
846,EI_SOC,846,Simulation,2020,2060,5,N,Ref,Combined_Urban,RCP45,Y,Y,Y,N,846
847,EI_SOC,847,Simulation,2020,2060,5,N,Ref,Combined_Urban,RCP45,Y,Y,Y,N,847
848,EI_SOC,848,Simulation,2020,2060,5,N,Ref,Combined_Urban,RCP45,Y,Y,Y,N,848
849,EI_SOC,849,Simulation,2020,2060,5,N,Ref,Combined_Urban,RCP45,Y,Y,Y,N,849
850,EI_SOC,850,Simulation,2020,2060,5,N,Ref,Combined_Urban,RCP45,Y,Y,Y,N,850
851,EI_SOC,851,Simulation,2020,2060,5,N,Ref,Combined_Urban,RCP45,Y,Y,Y,N,851
852,EI_SOC,852,Simulation,2020,2060,5,N,Ref,Combined_Urban,RCP45,Y,Y,Y,N,852
853,EI_SOC,853,Simulation,2020,2060,5,N,Ref,Combined_Urban,RCP45,Y,Y,Y,N,853
854,EI_SOC,854,Simulation,2020,2060,5,N,Ref,Combined_Urban,RCP45,Y,Y,Y,N,854
855,EI_SOC,855,Simulation,2020,2060,5,N,Ref,Combined_Urban,RCP45,Y,Y,Y,N,855
856,EI_SOC,856,Simulation,2020,2060,5,N,Ref,Combined_Urban,RCP45,Y,Y,Y,N,856
857,EI_SOC,857,Simulation,2020,2060,5,N,Ref,Combined_Urban,RCP45,Y,Y,Y,N,857
858,EI_SOC,858,Simulation,2020,2060,5,N,Ref,Combined_Urban,RCP45,Y,Y,Y,N,858
859,EI_SOC,859,Simulation,2020,2060,5,N,Ref,Combined_Urban,RCP45,Y,Y,Y,N,859
860,EI_SOC,860,Simulation,2020,2060,5,N,Ref,Combined_Urban,RCP45,Y,Y,Y,N,860
861,EI_SOC,861,Simulation,2020,2060,5,N,Ref,Combined_Urban,RCP45,Y,Y,Y,N,861
862,EI_SOC,862,Simulation,2020,2060,5,N,Ref,Combined_Urban,RCP45,Y,Y,Y,N,862
863,EI_SOC,863,Simulation,2020,2060,5,N,Ref,Combined_Urban,RCP45,Y,Y,Y,N,863
864,EI_SOC,864,Simulation,2020,2060,5,N,Ref,Combined_Urban,RCP45,Y,Y,Y,N,864
865,BAU,865,Simulation,2020,2060,5,N,Ref,Ref_Central,RCP8.5,Y,Y,Y,N,1
866,BAU,866,Simulation,2020,2060,5,N,Ref,Ref_Central,RCP8.5,Y,Y,Y,N,2
867,BAU,867,Simulation,2020,2060,5,N,Ref,Ref_Central,RCP8.5,Y,Y,Y,N,3
868,BAU,868,Simulation,2020,2060,5,N,Ref,Ref_Central,RCP8.5,Y,Y,Y,N,4
869,BAU,869,Simulation,2020,2060,5,N,Ref,Ref_Central,RCP8.5,Y,Y,Y,N,5
870,BAU,870,Simulation,2020,2060,5,N,Ref,Ref_Central,RCP8.5,Y,Y,Y,N,6
871,BAU,871,Simulation,2020,2060,5,N,Ref,Ref_Central,RCP8.5,Y,Y,Y,N,7
872,BAU,872,Simulation,2020,2060,5,N,Ref,Ref_Central,RCP8.5,Y,Y,Y,N,8
873,BAU,873,Simulation,2020,2060,5,N,Ref,Ref_Central,RCP8.5,Y,Y,Y,N,9
874,BAU,874,Simulation,2020,2060,5,N,Ref,Ref_Central,RCP8.5,Y,Y,Y,N,10
875,BAU,875,Simulation,2020,2060,5,N,Ref,Ref_Central,RCP8.5,Y,Y,Y,N,11
876,BAU,876,Simulation,2020,2060,5,N,Ref,Ref_Central,RCP8.5,Y,Y,Y,N,12
877,BAU,877,Simulation,2020,2060,5,N,Ref,Ref_Central,RCP8.5,Y,Y,Y,N,13
878,BAU,878,Simulation,2020,2060,5,N,Ref,Ref_Central,RCP8.5,Y,Y,Y,N,14
879,BAU,879,Simulation,2020,2060,5,N,Ref,Ref_Central,RCP8.5,Y,Y,Y,N,15
880,BAU,880,Simulation,2020,2060,5,N,Ref,Ref_Central,RCP8.5,Y,Y,Y,N,16
881,BAU,881,Simulation,2020,2060,5,N,Ref,Ref_Central,RCP8.5,Y,Y,Y,N,17
882,BAU,882,Simulation,2020,2060,5,N,Ref,Ref_Central,RCP8.5,Y,Y,Y,N,18
883,BAU,883,Simulation,2020,2060,5,N,Ref,Ref_Central,RCP8.5,Y,Y,Y,N,19
884,BAU,884,Simulation,2020,2060,5,N,Ref,Ref_Central,RCP8.5,Y,Y,Y,N,20
885,BAU,885,Simulation,2020,2060,5,N,Ref,Ref_Central,RCP8.5,Y,Y,Y,N,21
886,BAU,886,Simulation,2020,2060,5,N,Ref,Ref_Central,RCP8.5,Y,Y,Y,N,22
887,BAU,887,Simulation,2020,2060,5,N,Ref,Ref_Central,RCP8.5,Y,Y,Y,N,23
888,BAU,888,Simulation,2020,2060,5,N,Ref,Ref_Central,RCP8.5,Y,Y,Y,N,24
889,BAU,889,Simulation,2020,2060,5,N,Ref,Ref_Central,RCP8.5,Y,Y,Y,N,25
890,BAU,890,Simulation,2020,2060,5,N,Ref,Ref_Central,RCP8.5,Y,Y,Y,N,26
891,BAU,891,Simulation,2020,2060,5,N,Ref,Ref_Central,RCP8.5,Y,Y,Y,N,27
892,BAU,892,Simulation,2020,2060,5,N,Ref,Ref_Central,RCP8.5,Y,Y,Y,N,28
893,BAU,893,Simulation,2020,2060,5,N,Ref,Ref_Central,RCP8.5,Y,Y,Y,N,29
894,BAU,894,Simulation,2020,2060,5,N,Ref,Ref_Central,RCP8.5,Y,Y,Y,N,30
895,BAU,895,Simulation,2020,2060,5,N,Ref,Ref_Central,RCP8.5,Y,Y,Y,N,31
896,BAU,896,Simulation,2020,2060,5,N,Ref,Ref_Central,RCP8.5,Y,Y,Y,N,32
897,BAU,897,Simulation,2020,2060,5,N,Ref,Ref_Central,RCP8.5,Y,Y,Y,N,33
898,BAU,898,Simulation,2020,2060,5,N,Ref,Ref_Central,RCP8.5,Y,Y,Y,N,34
899,BAU,899,Simulation,2020,2060,5,N,Ref,Ref_Central,RCP8.5,Y,Y,Y,N,35
900,BAU,900,Simulation,2020,2060,5,N,Ref,Ref_Central,RCP8.5,Y,Y,Y,N,36
901,BAU,901,Simulation,2020,2060,5,N,Ref,Ref_Central,RCP8.5,Y,Y,Y,N,37
902,BAU,902,Simulation,2020,2060,5,N,Ref,Ref_Central,RCP8.5,Y,Y,Y,N,38
903,BAU,903,Simulation,2020,2060,5,N,Ref,Ref_Central,RCP8.5,Y,Y,Y,N,39
904,BAU,904,Simulation,2020,2060,5,N,Ref,Ref_Central,RCP8.5,Y,Y,Y,N,40
905,BAU,905,Simulation,2020,2060,5,N,Ref,Ref_Central,RCP8.5,Y,Y,Y,N,41
906,BAU,906,Simulation,2020,2060,5,N,Ref,Ref_Central,RCP8.5,Y,Y,Y,N,42
907,BAU,907,Simulation,2020,2060,5,N,Ref,Ref_Central,RCP8.5,Y,Y,Y,N,43
908,BAU,908,Simulation,2020,2060,5,N,Ref,Ref_Central,RCP8.5,Y,Y,Y,N,44
909,BAU,909,Simulation,2020,2060,5,N,Ref,Ref_Central,RCP8.5,Y,Y,Y,N,45
910,BAU,910,Simulation,2020,2060,5,N,Ref,Ref_Central,RCP8.5,Y,Y,Y,N,46
911,BAU,911,Simulation,2020,2060,5,N,Ref,Ref_Central,RCP8.5,Y,Y,Y,N,47
912,BAU,912,Simulation,2020,2060,5,N,Ref,Ref_Central,RCP8.5,Y,Y,Y,N,48
913,BAU,913,Simulation,2020,2060,5,N,Ref,Ref_Central,RCP8.5,Y,Y,Y,N,49
914,BAU,914,Simulation,2020,2060,5,N,Ref,Ref_Central,RCP8.5,Y,Y,Y,N,50
915,BAU,915,Simulation,2020,2060,5,N,Ref,Ref_Central,RCP8.5,Y,Y,Y,N,51
916,BAU,916,Simulation,2020,2060,5,N,Ref,Ref_Central,RCP8.5,Y,Y,Y,N,52
917,BAU,917,Simulation,2020,2060,5,N,Ref,Ref_Central,RCP8.5,Y,Y,Y,N,53
918,BAU,918,Simulation,2020,2060,5,N,Ref,Ref_Central,RCP8.5,Y,Y,Y,N,54
919,BAU,919,Simulation,2020,2060,5,N,Ref,Ref_Central,RCP8.5,Y,Y,Y,N,55
920,BAU,920,Simulation,2020,2060,5,N,Ref,Ref_Central,RCP8.5,Y,Y,Y,N,56
921,BAU,921,Simulation,2020,2060,5,N,Ref,Ref_Central,RCP8.5,Y,Y,Y,N,57
922,BAU,922,Simulation,2020,2060,5,N,Ref,Ref_Central,RCP8.5,Y,Y,Y,N,58
923,BAU,923,Simulation,2020,2060,5,N,Ref,Ref_Central,RCP8.5,Y,Y,Y,N,59
924,BAU,924,Simulation,2020,2060,5,N,Ref,Ref_Central,RCP8.5,Y,Y,Y,N,60
925,BAU,925,Simulation,2020,2060,5,N,Ref,Ref_Central,RCP8.5,Y,Y,Y,N,61
926,BAU,926,Simulation,2020,2060,5,N,Ref,Ref_Central,RCP8.5,Y,Y,Y,N,62
927,BAU,927,Simulation,2020,2060,5,N,Ref,Ref_Central,RCP8.5,Y,Y,Y,N,63
928,BAU,928,Simulation,2020,2060,5,N,Ref,Ref_Central,RCP8.5,Y,Y,Y,N,64
929,BAU,929,Simulation,2020,2060,5,N,Ref,Ref_Central,RCP8.5,Y,Y,Y,N,65
930,BAU,930,Simulation,2020,2060,5,N,Ref,Ref_Central,RCP8.5,Y,Y,Y,N,66
931,BAU,931,Simulation,2020,2060,5,N,Ref,Ref_Central,RCP8.5,Y,Y,Y,N,67
932,BAU,932,Simulation,2020,2060,5,N,Ref,Ref_Central,RCP8.5,Y,Y,Y,N,68
933,BAU,933,Simulation,2020,2060,5,N,Ref,Ref_Central,RCP8.5,Y,Y,Y,N,69
934,BAU,934,Simulation,2020,2060,5,N,Ref,Ref_Central,RCP8.5,Y,Y,Y,N,70
935,BAU,935,Simulation,2020,2060,5,N,Ref,Ref_Central,RCP8.5,Y,Y,Y,N,71
936,BAU,936,Simulation,2020,2060,5,N,Ref,Ref_Central,RCP8.5,Y,Y,Y,N,72
937,BAU,937,Simulation,2020,2060,5,N,Ref,Ref_Central,RCP8.5,Y,Y,Y,N,73
938,BAU,938,Simulation,2020,2060,5,N,Ref,Ref_Central,RCP8.5,Y,Y,Y,N,74
939,BAU,939,Simulation,2020,2060,5,N,Ref,Ref_Central,RCP8.5,Y,Y,Y,N,75
940,BAU,940,Simulation,2020,2060,5,N,Ref,Ref_Central,RCP8.5,Y,Y,Y,N,76
941,BAU,941,Simulation,2020,2060,5,N,Ref,Ref_Central,RCP8.5,Y,Y,Y,N,77
942,BAU,942,Simulation,2020,2060,5,N,Ref,Ref_Central,RCP8.5,Y,Y,Y,N,78
943,BAU,943,Simulation,2020,2060,5,N,Ref,Ref_Central,RCP8.5,Y,Y,Y,N,79
944,BAU,944,Simulation,2020,2060,5,N,Ref,Ref_Central,RCP8.5,Y,Y,Y,N,80
945,BAU,945,Simulation,2020,2060,5,N,Ref,Ref_Central,RCP8.5,Y,Y,Y,N,81
946,BAU,946,Simulation,2020,2060,5,N,Ref,Ref_Central,RCP8.5,Y,Y,Y,N,82
947,BAU,947,Simulation,2020,2060,5,N,Ref,Ref_Central,RCP8.5,Y,Y,Y,N,83
948,BAU,948,Simulation,2020,2060,5,N,Ref,Ref_Central,RCP8.5,Y,Y,Y,N,84
949,BAU,949,Simulation,2020,2060,5,N,Ref,Ref_Central,RCP8.5,Y,Y,Y,N,85
950,BAU,950,Simulation,2020,2060,5,N,Ref,Ref_Central,RCP8.5,Y,Y,Y,N,86
951,BAU,951,Simulation,2020,2060,5,N,Ref,Ref_Central,RCP8.5,Y,Y,Y,N,87
952,BAU,952,Simulation,2020,2060,5,N,Ref,Ref_Central,RCP8.5,Y,Y,Y,N,88
953,BAU,953,Simulation,2020,2060,5,N,Ref,Ref_Central,RCP8.5,Y,Y,Y,N,89
954,BAU,954,Simulation,2020,2060,5,N,Ref,Ref_Central,RCP8.5,Y,Y,Y,N,90
955,BAU,955,Simulation,2020,2060,5,N,Ref,Ref_Central,RCP8.5,Y,Y,Y,N,91
956,BAU,956,Simulation,2020,2060,5,N,Ref,Ref_Central,RCP8.5,Y,Y,Y,N,92
957,BAU,957,Simulation,2020,2060,5,N,Ref,Ref_Central,RCP8.5,Y,Y,Y,N,93
958,BAU,958,Simulation,2020,2060,5,N,Ref,Ref_Central,RCP8.5,Y,Y,Y,N,94
959,BAU,959,Simulation,2020,2060,5,N,Ref,Ref_Central,RCP8.5,Y,Y,Y,N,95
960,BAU,960,Simulation,2020,2060,5,N,Ref,Ref_Central,RCP8.5,Y,Y,Y,N,96
961,BAU,961,Simulation,2020,2060,5,N,Ref,Ref_Central,RCP8.5,Y,Y,Y,N,97
962,BAU,962,Simulation,2020,2060,5,N,Ref,Ref_Central,RCP8.5,Y,Y,Y,N,98
963,BAU,963,Simulation,2020,2060,5,N,Ref,Ref_Central,RCP8.5,Y,Y,Y,N,99
964,BAU,964,Simulation,2020,2060,5,N,Ref,Ref_Central,RCP8.5,Y,Y,Y,N,100
965,BAU,965,Simulation,2020,2060,5,N,Ref,Ref_Central,RCP8.5,Y,Y,Y,N,101
966,BAU,966,Simulation,2020,2060,5,N,Ref,Ref_Central,RCP8.5,Y,Y,Y,N,102
967,BAU,967,Simulation,2020,2060,5,N,Ref,Ref_Central,RCP8.5,Y,Y,Y,N,103
968,BAU,968,Simulation,2020,2060,5,N,Ref,Ref_Central,RCP8.5,Y,Y,Y,N,104
969,BAU,969,Simulation,2020,2060,5,N,Ref,Ref_Central,RCP8.5,Y,Y,Y,N,105
970,BAU,970,Simulation,2020,2060,5,N,Ref,Ref_Central,RCP8.5,Y,Y,Y,N,106
971,BAU,971,Simulation,2020,2060,5,N,Ref,Ref_Central,RCP8.5,Y,Y,Y,N,107
972,BAU,972,Simulation,2020,2060,5,N,Ref,Ref_Central,RCP8.5,Y,Y,Y,N,108
973,BAU,973,Simulation,2020,2060,5,N,Ref,Ref_Central,RCP8.5,Y,Y,Y,N,109
974,BAU,974,Simulation,2020,2060,5,N,Ref,Ref_Central,RCP8.5,Y,Y,Y,N,110
975,BAU,975,Simulation,2020,2060,5,N,Ref,Ref_Central,RCP8.5,Y,Y,Y,N,111
976,BAU,976,Simulation,2020,2060,5,N,Ref,Ref_Central,RCP8.5,Y,Y,Y,N,112
977,BAU,977,Simulation,2020,2060,5,N,Ref,Ref_Central,RCP8.5,Y,Y,Y,N,113
978,BAU,978,Simulation,2020,2060,5,N,Ref,Ref_Central,RCP8.5,Y,Y,Y,N,114
979,BAU,979,Simulation,2020,2060,5,N,Ref,Ref_Central,RCP8.5,Y,Y,Y,N,115
980,BAU,980,Simulation,2020,2060,5,N,Ref,Ref_Central,RCP8.5,Y,Y,Y,N,116
981,BAU,981,Simulation,2020,2060,5,N,Ref,Ref_Central,RCP8.5,Y,Y,Y,N,117
982,BAU,982,Simulation,2020,2060,5,N,Ref,Ref_Central,RCP8.5,Y,Y,Y,N,118
983,BAU,983,Simulation,2020,2060,5,N,Ref,Ref_Central,RCP8.5,Y,Y,Y,N,119
984,BAU,984,Simulation,2020,2060,5,N,Ref,Ref_Central,RCP8.5,Y,Y,Y,N,120
985,BAU,985,Simulation,2020,2060,5,N,Ref,Ref_Central,RCP8.5,Y,Y,Y,N,121
986,BAU,986,Simulation,2020,2060,5,N,Ref,Ref_Central,RCP8.5,Y,Y,Y,N,122
987,BAU,987,Simulation,2020,2060,5,N,Ref,Ref_Central,RCP8.5,Y,Y,Y,N,123
988,BAU,988,Simulation,2020,2060,5,N,Ref,Ref_Central,RCP8.5,Y,Y,Y,N,124
989,BAU,989,Simulation,2020,2060,5,N,Ref,Ref_Central,RCP8.5,Y,Y,Y,N,125
990,BAU,990,Simulation,2020,2060,5,N,Ref,Ref_Central,RCP8.5,Y,Y,Y,N,126
991,BAU,991,Simulation,2020,2060,5,N,Ref,Ref_Central,RCP8.5,Y,Y,Y,N,127
992,BAU,992,Simulation,2020,2060,5,N,Ref,Ref_Central,RCP8.5,Y,Y,Y,N,128
993,BAU,993,Simulation,2020,2060,5,N,Ref,Ref_Central,RCP8.5,Y,Y,Y,N,129
994,BAU,994,Simulation,2020,2060,5,N,Ref,Ref_Central,RCP8.5,Y,Y,Y,N,130
995,BAU,995,Simulation,2020,2060,5,N,Ref,Ref_Central,RCP8.5,Y,Y,Y,N,131
996,BAU,996,Simulation,2020,2060,5,N,Ref,Ref_Central,RCP8.5,Y,Y,Y,N,132
997,BAU,997,Simulation,2020,2060,5,N,Ref,Ref_Central,RCP8.5,Y,Y,Y,N,133
998,BAU,998,Simulation,2020,2060,5,N,Ref,Ref_Central,RCP8.5,Y,Y,Y,N,134
999,BAU,999,Simulation,2020,2060,5,N,Ref,Ref_Central,RCP8.5,Y,Y,Y,N,135
1000,BAU,1000,Simulation,2020,2060,5,N,Ref,Ref_Central,RCP8.5,Y,Y,Y,N,136
1001,BAU,1001,Simulation,2020,2060,5,N,Ref,Ref_Central,RCP8.5,Y,Y,Y,N,137
1002,BAU,1002,Simulation,2020,2060,5,N,Ref,Ref_Central,RCP8.5,Y,Y,Y,N,138
1003,BAU,1003,Simulation,2020,2060,5,N,Ref,Ref_Central,RCP8.5,Y,Y,Y,N,139
1004,BAU,1004,Simulation,2020,2060,5,N,Ref,Ref_Central,RCP8.5,Y,Y,Y,N,140
1005,BAU,1005,Simulation,2020,2060,5,N,Ref,Ref_Central,RCP8.5,Y,Y,Y,N,141
1006,BAU,1006,Simulation,2020,2060,5,N,Ref,Ref_Central,RCP8.5,Y,Y,Y,N,142
1007,BAU,1007,Simulation,2020,2060,5,N,Ref,Ref_Central,RCP8.5,Y,Y,Y,N,143
1008,BAU,1008,Simulation,2020,2060,5,N,Ref,Ref_Central,RCP8.5,Y,Y,Y,N,144
1009,BAU,1009,Simulation,2020,2060,5,N,Ref,Ref_Central,RCP8.5,Y,Y,Y,N,145
1010,BAU,1010,Simulation,2020,2060,5,N,Ref,Ref_Central,RCP8.5,Y,Y,Y,N,146
1011,BAU,1011,Simulation,2020,2060,5,N,Ref,Ref_Central,RCP8.5,Y,Y,Y,N,147
1012,BAU,1012,Simulation,2020,2060,5,N,Ref,Ref_Central,RCP8.5,Y,Y,Y,N,148
1013,BAU,1013,Simulation,2020,2060,5,N,Ref,Ref_Central,RCP8.5,Y,Y,Y,N,149
1014,BAU,1014,Simulation,2020,2060,5,N,Ref,Ref_Central,RCP8.5,Y,Y,Y,N,150
1015,BAU,1015,Simulation,2020,2060,5,N,Ref,Ref_Central,RCP8.5,Y,Y,Y,N,151
1016,BAU,1016,Simulation,2020,2060,5,N,Ref,Ref_Central,RCP8.5,Y,Y,Y,N,152
1017,BAU,1017,Simulation,2020,2060,5,N,Ref,Ref_Central,RCP8.5,Y,Y,Y,N,153
1018,BAU,1018,Simulation,2020,2060,5,N,Ref,Ref_Central,RCP8.5,Y,Y,Y,N,154
1019,BAU,1019,Simulation,2020,2060,5,N,Ref,Ref_Central,RCP8.5,Y,Y,Y,N,155
1020,BAU,1020,Simulation,2020,2060,5,N,Ref,Ref_Central,RCP8.5,Y,Y,Y,N,156
1021,BAU,1021,Simulation,2020,2060,5,N,Ref,Ref_Central,RCP8.5,Y,Y,Y,N,157
1022,BAU,1022,Simulation,2020,2060,5,N,Ref,Ref_Central,RCP8.5,Y,Y,Y,N,158
1023,BAU,1023,Simulation,2020,2060,5,N,Ref,Ref_Central,RCP8.5,Y,Y,Y,N,159
1024,BAU,1024,Simulation,2020,2060,5,N,Ref,Ref_Central,RCP8.5,Y,Y,Y,N,160
1025,BAU,1025,Simulation,2020,2060,5,N,Ref,Ref_Central,RCP8.5,Y,Y,Y,N,161
1026,BAU,1026,Simulation,2020,2060,5,N,Ref,Ref_Central,RCP8.5,Y,Y,Y,N,162
1027,BAU,1027,Simulation,2020,2060,5,N,Ref,Ref_Central,RCP8.5,Y,Y,Y,N,163
1028,BAU,1028,Simulation,2020,2060,5,N,Ref,Ref_Central,RCP8.5,Y,Y,Y,N,164
1029,BAU,1029,Simulation,2020,2060,5,N,Ref,Ref_Central,RCP8.5,Y,Y,Y,N,165
1030,BAU,1030,Simulation,2020,2060,5,N,Ref,Ref_Central,RCP8.5,Y,Y,Y,N,166
1031,BAU,1031,Simulation,2020,2060,5,N,Ref,Ref_Central,RCP8.5,Y,Y,Y,N,167
1032,BAU,1032,Simulation,2020,2060,5,N,Ref,Ref_Central,RCP8.5,Y,Y,Y,N,168
1033,BAU,1033,Simulation,2020,2060,5,N,Ref,Ref_Central,RCP8.5,Y,Y,Y,N,169
1034,BAU,1034,Simulation,2020,2060,5,N,Ref,Ref_Central,RCP8.5,Y,Y,Y,N,170
1035,BAU,1035,Simulation,2020,2060,5,N,Ref,Ref_Central,RCP8.5,Y,Y,Y,N,171
1036,BAU,1036,Simulation,2020,2060,5,N,Ref,Ref_Central,RCP8.5,Y,Y,Y,N,172
1037,BAU,1037,Simulation,2020,2060,5,N,Ref,Ref_Central,RCP8.5,Y,Y,Y,N,173
1038,BAU,1038,Simulation,2020,2060,5,N,Ref,Ref_Central,RCP8.5,Y,Y,Y,N,174
1039,BAU,1039,Simulation,2020,2060,5,N,Ref,Ref_Central,RCP8.5,Y,Y,Y,N,175
1040,BAU,1040,Simulation,2020,2060,5,N,Ref,Ref_Central,RCP8.5,Y,Y,Y,N,176
1041,BAU,1041,Simulation,2020,2060,5,N,Ref,Ref_Central,RCP8.5,Y,Y,Y,N,177
1042,BAU,1042,Simulation,2020,2060,5,N,Ref,Ref_Central,RCP8.5,Y,Y,Y,N,178
1043,BAU,1043,Simulation,2020,2060,5,N,Ref,Ref_Central,RCP8.5,Y,Y,Y,N,179
1044,BAU,1044,Simulation,2020,2060,5,N,Ref,Ref_Central,RCP8.5,Y,Y,Y,N,180
1045,BAU,1045,Simulation,2020,2060,5,N,Ref,Ref_Central,RCP8.5,Y,Y,Y,N,181
1046,BAU,1046,Simulation,2020,2060,5,N,Ref,Ref_Central,RCP8.5,Y,Y,Y,N,182
1047,BAU,1047,Simulation,2020,2060,5,N,Ref,Ref_Central,RCP8.5,Y,Y,Y,N,183
1048,BAU,1048,Simulation,2020,2060,5,N,Ref,Ref_Central,RCP8.5,Y,Y,Y,N,184
1049,BAU,1049,Simulation,2020,2060,5,N,Ref,Ref_Central,RCP8.5,Y,Y,Y,N,185
1050,BAU,1050,Simulation,2020,2060,5,N,Ref,Ref_Central,RCP8.5,Y,Y,Y,N,186
1051,BAU,1051,Simulation,2020,2060,5,N,Ref,Ref_Central,RCP8.5,Y,Y,Y,N,187
1052,BAU,1052,Simulation,2020,2060,5,N,Ref,Ref_Central,RCP8.5,Y,Y,Y,N,188
1053,BAU,1053,Simulation,2020,2060,5,N,Ref,Ref_Central,RCP8.5,Y,Y,Y,N,189
1054,BAU,1054,Simulation,2020,2060,5,N,Ref,Ref_Central,RCP8.5,Y,Y,Y,N,190
1055,BAU,1055,Simulation,2020,2060,5,N,Ref,Ref_Central,RCP8.5,Y,Y,Y,N,191
1056,BAU,1056,Simulation,2020,2060,5,N,Ref,Ref_Central,RCP8.5,Y,Y,Y,N,192
1057,BAU,1057,Simulation,2020,2060,5,N,Ref,Ref_Central,RCP8.5,Y,Y,Y,N,193
1058,BAU,1058,Simulation,2020,2060,5,N,Ref,Ref_Central,RCP8.5,Y,Y,Y,N,194
1059,BAU,1059,Simulation,2020,2060,5,N,Ref,Ref_Central,RCP8.5,Y,Y,Y,N,195
1060,BAU,1060,Simulation,2020,2060,5,N,Ref,Ref_Central,RCP8.5,Y,Y,Y,N,196
1061,BAU,1061,Simulation,2020,2060,5,N,Ref,Ref_Central,RCP8.5,Y,Y,Y,N,197
1062,BAU,1062,Simulation,2020,2060,5,N,Ref,Ref_Central,RCP8.5,Y,Y,Y,N,198
1063,BAU,1063,Simulation,2020,2060,5,N,Ref,Ref_Central,RCP8.5,Y,Y,Y,N,199
1064,BAU,1064,Simulation,2020,2060,5,N,Ref,Ref_Central,RCP8.5,Y,Y,Y,N,200
1065,BAU,1065,Simulation,2020,2060,5,N,Ref,Ref_Central,RCP8.5,Y,Y,Y,N,201
1066,BAU,1066,Simulation,2020,2060,5,N,Ref,Ref_Central,RCP8.5,Y,Y,Y,N,202
1067,BAU,1067,Simulation,2020,2060,5,N,Ref,Ref_Central,RCP8.5,Y,Y,Y,N,203
1068,BAU,1068,Simulation,2020,2060,5,N,Ref,Ref_Central,RCP8.5,Y,Y,Y,N,204
1069,BAU,1069,Simulation,2020,2060,5,N,Ref,Ref_Central,RCP8.5,Y,Y,Y,N,205
1070,BAU,1070,Simulation,2020,2060,5,N,Ref,Ref_Central,RCP8.5,Y,Y,Y,N,206
1071,BAU,1071,Simulation,2020,2060,5,N,Ref,Ref_Central,RCP8.5,Y,Y,Y,N,207
1072,BAU,1072,Simulation,2020,2060,5,N,Ref,Ref_Central,RCP8.5,Y,Y,Y,N,208
1073,BAU,1073,Simulation,2020,2060,5,N,Ref,Ref_Central,RCP8.5,Y,Y,Y,N,209
1074,BAU,1074,Simulation,2020,2060,5,N,Ref,Ref_Central,RCP8.5,Y,Y,Y,N,210
1075,BAU,1075,Simulation,2020,2060,5,N,Ref,Ref_Central,RCP8.5,Y,Y,Y,N,211
1076,BAU,1076,Simulation,2020,2060,5,N,Ref,Ref_Central,RCP8.5,Y,Y,Y,N,212
1077,BAU,1077,Simulation,2020,2060,5,N,Ref,Ref_Central,RCP8.5,Y,Y,Y,N,213
1078,BAU,1078,Simulation,2020,2060,5,N,Ref,Ref_Central,RCP8.5,Y,Y,Y,N,214
1079,BAU,1079,Simulation,2020,2060,5,N,Ref,Ref_Central,RCP8.5,Y,Y,Y,N,215
1080,BAU,1080,Simulation,2020,2060,5,N,Ref,Ref_Central,RCP8.5,Y,Y,Y,N,216
